Obs: Incidence rate,Obs: Incidence rate-ave-2wk,Obs: Incidence rate-slope-4wk,Obs: New hospitalization rate,Obs: New hospitalization rate-ave-2wk,Obs: New hospitalization rate-slope-4wk,Obs: % of new hospitalizations that are vaccinated,Obs: % of new hospitalizations that are vaccinated-ave-2wk,Obs: % of new hospitalizations that are vaccinated-slope-4wk,Obs: % of incidence due to novel variant,Obs: % of incidence due to novel variant-ave-2wk,Obs: % of incidence due to novel variant-slope-4wk,Obs: % of new hospitalizations due to novel variant,Obs: % of new hospitalizations due to novel variant-ave-2wk,Obs: % of new hospitalizations due to novel variant-slope-4wk,Obs: % of new hospitalizations due to Novel-V,Obs: % of new hospitalizations due to Novel-V-ave-2wk,Obs: % of new hospitalizations due to Novel-V-slope-4wk,Obs: Hospital occupancy rate,Obs: Cumulative hospitalization rate,Obs: Cumulative vaccination rate,Obs: Prevalence susceptible,R0,Duration of infectiousness-dominant,Prob novel strain params-0,Prob novel strain params-1,Prob novel strain params-2,Ratio infectiousness duration of novel to dominant,Duration of vaccine immunity,Ratio of duration of immunity from infection+vaccination to infection,Vaccine effectiveness against infection-0,Vaccine effectiveness against infection-1,Ratio transmissibility of novel to dominant,Vaccine effectiveness in reducing infectiousness-0,Vaccine effectiveness in reducing infectiousness-1,Ratio prob of hospitalization of novel to dominant,Vaccine effectiveness against hospitalization-0,Vaccine effectiveness against hospitalization-1,Prob Hosp for 18-29,Relative prob hosp by age-0,Relative prob hosp by age-1,Relative prob hosp by age-2,Relative prob hosp by age-4,Relative prob hosp by age-5,Relative prob hosp by age-6,Relative prob hosp by age-7,Duration of E-0,Duration of E-1,Duration of E-2,Duration of E-3,Duration of I-0,Duration of I-1,Duration of I-2,Duration of I-3,Duration of Hosp-0,Duration of Hosp-1,Duration of Hosp-2,Duration of Hosp-3,Duration of R-0,Duration of R-1,Duration of R-2,Duration of R-3,Vaccination rate params-0,Vaccination rate params-1,Vaccination rate params-3,Vaccination rate t_min by age-1,Vaccination rate t_min by age-2,Vaccination rate t_min by age-3,Vaccination rate t_min by age-4,Vaccination rate t_min by age-5,Vaccination rate t_min by age-6,Vaccination rate t_min by age-7,Y1 thresholds-0,Y1 thresholds-1,Y1 Maximum hosp occupancy,Y1 Max effectiveness of control measures,Maximum rate of hospital occupancy,If threshold passed (0:Yes)
166.90219531354,168.801935574125,-11.79525773659499,0.1998828686389776,0.29982630063649024,-0.23986951088539307,0.0,0.0,0.0,0.0203592814371257,0.01427800137430055,0.006306266102401,1.0,0.5,0.29999999999999993,0.0,0.0,0.0,1.1992780346231569,451.72805970805,0.5496031389103759,0.5634388098364784,1.5292883323153288,0.0104537967510682,7.694073729526265,2.0060096606283326,0.5852721816348506,1.1079022379900103,1.2635408974516178,1.4961737247246705,0.6545251102325708,0.2250750524359719,1.7419359727793695,0.9433415390884796,0.3223190873879503,1.0302901575309336,0.9591882803967776,0.5441309013437544,0.0014307081107551,0.5802143134664239,0.5568150097803827,0.2713901603837152,2.327384024855668,3.903790047332663,18.485000635886323,41.37638452942375,0.014178899299995,0.0148138920857548,0.0141283461235491,0.0151408612578608,0.0104537967510682,0.0115817848160011,0.0104537967510682,0.0115817848160011,0.0290757267799104,0.0348582546316372,0.0309902143259403,0.0346265193178672,0.4335355723412432,0.5700417943535827,0.6486445320704396,0.8528815547067343,-17.240814337862542,0.3146024307037344,2.66406451723219,1.7522385340315716,1.1613557741408116,1.397216223323399,1.083621246249043,0.9812998347162646,0.9536878762383894,0.7545399446108013,0.0001196500010563,0.0004586792547593,0.0006116926442508,0.7184740200631925,1.1992780346231568e-05,1
42.59301474558,43.793042906315,-3.2600854662940018,0.5999016161349539,0.4999200128099466,0.13997488439140565,0.0,0.0,0.0,0.0140845070422535,0.0159311424100156,0.005141060924936582,0.0,0.0,0.0,0.0,0.0,0.0,0.799854426494378,624.0864162722299,0.5590382550375832,0.4827421409303506,1.6362315993750118,0.0133338830652402,6.703759165105577,1.956357630912872,0.5330019442377045,0.985897721432899,1.1725611491095405,1.3524325109662505,0.180325546633189,0.7511850506273734,1.0735017982492496,0.925301252659982,0.2210287912166726,1.2880063320883766,0.9248287138151332,0.2766918052802195,0.0041069925730258,0.3760764760197345,0.46546136301425,0.3019835953034476,2.150928890903545,4.049291131332064,9.355268727305624,31.098403217483124,0.0126777749314351,0.0138808577706569,0.0140711954883848,0.0138748543687091,0.0133338830652402,0.0131458449318731,0.0133338830652402,0.0131458449318731,0.0326271665145698,0.0394545956860211,0.0321534338062415,0.029854177793444,1.334463437204297,1.4745198461233244,1.8047717371708605,1.9941885779621369,-13.540207853753564,0.3857197157174281,2.2067882180270235,1.8009058135610012,1.1931374113079083,1.3129026827035606,0.9469216956559114,1.1516932740635746,0.9724629397780514,0.8204615087991565,0.0003351163059229,0.0002526749131538,0.000676055472746,0.5634171394227467,9.998140345895665e-06,1
53.57974685568,57.5784816428,-12.456194163987007,0.39984885713200413,0.4998134696208118,-0.1799408592506889,0.0,0.0,0.0,0.0,0.0016233766233766,0.0003246753246753202,0.0,0.0,0.0,0.0,0.0,0.0,0.5997636931049166,418.23521532516,0.7412579443699182,0.4494529155512728,1.5537014110856615,0.0126311679749477,6.775726587039978,1.937083854253645,0.4714358695742806,1.200983688416723,1.0613048999326813,1.120854363018589,0.9931417032344132,0.4899366930228477,1.0528311946605302,0.9870621077976918,0.5266839563035619,1.100516714682077,0.907667291462684,0.5809317742503335,0.0035892475940096,0.4345185068164936,0.5907164883019632,0.2576218945078435,2.494088611632324,5.232986736851944,19.320244779956813,36.416314615602246,0.0150397009103723,0.0129859756229699,0.0150387614090418,0.0141804489630447,0.0126311679749477,0.0151698267035639,0.0126311679749477,0.0151698267035639,0.0345921362655447,0.0320120610155505,0.0405832951046438,0.0341694661011593,0.963929392365611,1.4969827287477278,1.0804244650748525,1.6778996228803635,-19.076977819789764,0.6071409280429938,2.41302721337862,1.56289499408464,1.1228026442647725,1.3584988386528485,1.2399505185901225,1.0317493154573236,1.1128416388440223,0.8923832152896993,0.0004992092585273,1.2681694444402705e-05,0.0004511493693857,0.699520718048804,1.199541775041934e-05,1
19.0005700171,19.40058201746,-2.1802304149680003,0.20000600018000542,0.40001200036001083,-0.06000456026977446,0.0,0.0,0.0,0.0,0.00505050505050505,0.00014053579270971054,0.0,0.3333333333333333,0.06666666666666668,0.0,0.0,0.0,0.4000056000784011,638.4089377251199,0.5901842625796762,0.5080131121835706,1.5696518185697172,0.0121630802192374,6.80090477126845,1.9842417054872503,0.4470600409766812,0.9438794483603516,1.3548943916164355,1.491575389413168,0.5692569297607539,0.1524212922991208,1.455336442278674,0.9087350835861376,0.2111221386447355,1.321852877841916,0.9824765941828734,0.1523029842254388,0.0020860250660974,0.7252334546341439,0.582613278221784,0.264662721728855,1.9069739226191784,4.39246969360921,21.78158706612365,46.87797644413334,0.0117186732452995,0.0134492055411923,0.0086780318778385,0.0152513497627909,0.0121630802192374,0.0114804814476965,0.0121630802192374,0.0114804814476965,0.03561985472634,0.0290546427492608,0.0336963322612829,0.0317239204118751,1.4840311811261595,0.5710634072310475,2.2135443868895357,0.8517841240202603,-18.141762425090505,0.7460387819226788,2.0349003437843667,1.830535234860478,1.2459542325600002,1.2707422604094498,0.9581572970749362,1.1879699185545878,1.1319013222483114,0.8546807912113228,0.0001586782619564,0.0001106417847162,0.0006954752044302,0.6635704321130538,6.000108001944035e-06,1
49.586909055999996,53.68623133379499,-14.617086188554,0.19994721393552103,0.3998986257130742,-0.4199042617448435,0.0,0.0,0.0,0.0,0.00173010380622835,0.00034602076124567007,0.0,0.0,0.0,0.0,0.0,0.0,0.999722077262521,622.2270208881899,0.655193856108002,0.4390379474506087,1.6778960314324858,0.0122287349013554,6.188649570184681,1.96195979209266,0.5322216777341242,1.0212603491391008,0.8506643919410202,1.1788134505797938,0.7574547693223896,0.9439843430483604,1.3826411859093777,0.9577103892917485,0.760028976230954,0.6033899265335011,0.9333525436694916,0.2556047312663358,0.0047485736662081,0.4371697501853895,0.7091962243958554,0.3001006781009527,2.609266250233652,4.047624890813832,16.74086737158172,42.87777398264088,0.0141008990241629,0.013203951966727,0.0135968421554193,0.0130007495880053,0.0122287349013554,0.0124887220748877,0.0122287349013554,0.0124887220748877,0.0368149665788095,0.0362594852755284,0.0330726435347316,0.034746839672322,1.1660635407083766,1.4412204130768438,1.374571386017733,1.69893000818515,-17.272848247322937,0.3369837758282681,2.4261534941102183,1.6558645255033224,1.1067750565145258,1.2035004009781094,1.1832357183796032,1.0799281719917109,0.9577136172941833,1.066145468949713,4.5616522314454734e-05,3.623736416176182e-05,0.0006774277420175,0.5976747023286424,9.997280739638818e-06,1
92.7727248189,96.972198375375,-6.279511116027992,0.5998236518463572,0.7997718651122057,-0.17996136770075266,0.0,0.0,0.0,0.0021551724137931,0.0020657284993866503,0.00031693940934948966,0.0,0.0,0.0,0.0,0.0,0.0,1.7994457707026235,672.79277982381,0.5154472422493872,0.5636663907516485,1.5140531574326637,0.0094758039182478,6.872524486187031,2.066599787563541,0.4239247934217892,1.0130027039621086,1.2884886047216757,1.329712465129492,0.7214301314949497,0.7964588148075342,1.7105508609451396,0.9398432561101387,0.0259573962331639,0.5070160561591824,0.9932064604009256,0.2334049078924888,0.0033871858702788,0.4019017798561471,0.6558438954137548,0.2692182599561751,1.876339941403569,4.869785554341402,24.104414393882053,37.41512906925973,0.0148526219540866,0.0143238271013169,0.0151768156818915,0.0119959931986046,0.0094758039182478,0.0095990149913998,0.0094758039182478,0.0095990149913998,0.0344224723563567,0.0283657397133871,0.0399090639790397,0.0368957668505859,1.3627339089395971,1.2491520329077772,1.8120442653716209,1.6610130289993168,-16.640296536097292,0.2698968207730699,2.7722570877147383,1.8996922807292853,1.2930643090228164,1.3111643199522542,1.044804052548843,1.1258546349061156,1.0334773166070408,1.001439328146275,0.0002034346351542,0.0004001320835476,0.0005890183972135,0.5216858027285103,2.1992786366071928e-05,1
225.38196944244,220.782337413,5.73757690321799,1.3998880089592833,2.1998240140788736,-0.04001495779719226,0.0,0.0,0.0,0.0,0.0,0.0,0.0,0.0,0.0,0.0,0.0,0.0,2.3997936177488732,687.14090588209,0.4869161252132317,0.569229046302018,1.500066481826563,0.0120437279755047,7.29147626260777,1.984019341065141,0.5840050545342856,1.216760616214705,0.9546143795836788,1.1893179118600825,0.2159874283014297,0.9879469908350784,1.405033721051951,0.9985070575243072,0.4804697150100768,1.0578748476099498,0.9868987791413923,0.8358087447578615,0.0042599652466034,0.469109009180664,0.4121808029252757,0.331031527600559,1.6457556201901915,3.670413727023827,15.200232471795202,36.42096336577445,0.0138051389824809,0.0130481447477823,0.014122152026398,0.0150888719187891,0.0120437279755047,0.0146543338729974,0.0120437279755047,0.0146543338729974,0.035159196315716,0.0354665100143338,0.0362293577712387,0.0349645584560005,1.1446500228222232,0.8618166702540918,1.361352774953522,1.0249740026728058,-11.131506352136274,0.7462585384332776,2.311527897299676,1.7136786122997134,1.110125728600755,1.2551589990197145,1.2696864488209056,1.1677140549723262,0.8074927998220316,1.0699119893101157,0.0003926505933927,8.988737751640491e-05,0.0004862425122364,0.6770915291828491,2.799764819755141e-05,1
113.16288257451001,112.36336794301499,-2.3204054360289987,0.19993442150974478,0.7997404842142716,0.0599771684266379,0.0,0.0714285714285714,0.014285714285714284,0.0,0.0,0.0,0.0,0.0,0.0,0.0,0.0,0.0,0.9996601155607094,506.22788251994,0.4556470799928024,0.5732071095827419,1.6436684940594355,0.0114613416049052,6.670001166506946,1.9679296658292424,0.5421127150272269,0.9209646732213754,1.0971736835238457,1.19257277811289,0.302549999190869,0.4971444542440266,1.7685043424650555,0.9485067794345036,0.7219278623248361,1.1806681647458095,0.9623236963040596,0.886298215267769,0.0043466811176279,0.3938180864063212,0.395746586222832,0.2212149575734227,3.141805257937686,2.9537324690536466,13.680345017157608,50.59837883889428,0.0128269258866454,0.0136190976771368,0.0109713686570255,0.0116240718970077,0.0114613416049052,0.0105554907258401,0.0114613416049052,0.0105554907258401,0.0384713962860702,0.0328359027317577,0.0383981598832471,0.036190957367579,1.4645503684859718,1.1455571207938071,1.746582901631572,1.366160238032074,-14.8544742687904,0.4234222261498018,2.7623163795833965,1.9987462348606264,1.29621178719697,1.247085631040735,1.0578461940787918,1.2447442841523428,1.1145676048628048,1.018016193907916,9.680995155905252e-05,0.0002290474474187,0.0006912817762184,0.6467747017953123,9.99670108864075e-06,1
69.3909791727,67.59154206005,-8.500056523359989,0.19997400337956064,0.19997500312960753,-0.17998512112073187,0.0,0.0,0.0,0.0,0.0,0.0,0.0,0.0,0.0,0.0,0.0,0.0,0.7998768189698786,636.90191710476,0.5711420441252048,0.4941618990675436,1.5564722834590163,0.0088724596833973,7.43770546413722,1.960914986504396,0.411664398487329,0.9225243177041909,0.9168751786116172,1.3472309566966187,0.2818886983388466,0.1331753754932613,1.047785784231939,0.94047617548571,0.2470707011203488,0.7556277993914702,0.9465553318285412,0.1420107955153007,0.0024071220193147,0.7198245150061757,0.4929060172061413,0.3179401203486713,1.736226508560583,4.680294892560752,10.800252648096976,29.89752872743145,0.0149176519030946,0.0111023252483571,0.0121997394984668,0.0111094445621951,0.0088724596833973,0.008185059815784,0.0088724596833973,0.008185059815784,0.0341801281063549,0.0341934452637546,0.0376917391242454,0.0331529563736145,0.5925850402120416,1.4465645387428303,0.7983489106489731,1.9488565274539065,-14.566833481486766,0.5783419588058596,2.028072952237199,1.5222159815731655,1.2362370292533,1.1569009773177086,0.9439959798216724,1.2964793152654344,0.9593955258958068,0.9023994358021274,0.0003907132339513,0.0003633113252507,0.0006139904323274,0.7019754521960576,1.1997912363248794e-05,1
332.10103389190004,342.10016674610506,-30.174821913136963,0.9997020887775444,1.5995365343386467,-0.0999829216621079,0.0,0.0,0.0,0.0,0.0,0.0,0.0,0.0,0.0,0.0,0.0,0.0,2.3992370426204466,651.79272991188,0.6344462460937422,0.4724357654265943,1.5935235637222551,0.0119397588254,6.4635286931384615,1.9346154215823037,0.5695327332821342,1.1264209111583283,1.3695427486035516,1.4779074661043672,0.714880019413292,0.1576465312740577,1.9439420332880744,0.940552742702335,0.6378981362049835,0.9825996506904164,0.9420783297389304,0.0457786455966094,0.0038947385442226,0.5163115156022117,0.4008642778685298,0.2261393580542234,1.5693194315087775,4.113055637905904,12.570982569258945,36.03964725022606,0.0110040870208567,0.0150195285086754,0.0106490855883701,0.0102481534676287,0.0119397588254,0.0134491940151178,0.0119397588254,0.0134491940151178,0.0248790113396078,0.0334806855579534,0.038668677989115,0.0356288027969188,1.142823065434952,1.0076180531464416,1.6889867408425954,1.489166243726673,-12.94057672796367,0.490163697083498,2.341391924700768,1.5918027998954607,1.0310503299293603,1.149523568771311,1.0674439161267688,1.277435011637397,1.0380557595062114,0.7633117361904508,0.0001600848215119,0.0004191591402677,0.0006662313461219,0.7004576795889272,3.19891236979427e-05,1
106.56355526409,105.96418170908001,-6.878452189500005,0.0,0.7997328892150022,0.059978967348800614,0.0,0.0,0.0,0.0037523452157598,0.003773705814711,0.0008572168950573802,0.0,0.0,0.0,0.0,0.0,0.0,0.39985285414967286,646.16221230587,0.6190202005661917,0.551634998320618,1.5307705013720627,0.0131115342840597,7.254646138333893,1.99126731340687,0.4464502750649548,0.8031016322438513,0.5218003346236338,1.103491260630397,0.2846328171955464,0.3879635361274567,1.7958601895412265,0.9517576523777962,0.8873037859308622,0.9739811208271888,0.976576318185022,0.0811613447457001,0.0028846595249753,0.6192976288528745,0.4855469494317813,0.18939267161824,1.8319618219706573,3.1147240708626844,14.051036368008557,47.40142923344481,0.0107821642570234,0.0128859564462116,0.0147148129262923,0.0122699748232543,0.0131115342840597,0.0105298945847496,0.0131115342840597,0.0105298945847496,0.0343750461473827,0.0332158730618943,0.0346465807066204,0.0313636340164315,1.3439323517684103,0.891462791125401,1.4830176050548975,0.9837213991840612,-11.40254690208783,0.6166179956001965,2.8609463282712917,1.8040193740632755,1.3582246478168774,1.3683748622573078,1.16740806083167,1.2442346682513246,0.8457209640299426,0.7969565116380293,0.000314728282323,9.271644916350448e-05,0.0007377561622978,0.5683699572492489,9.99610152040704e-06,1
513.56507757472,562.85805274624,-121.40918957585005,4.19971441941948,5.099617228908204,-0.7199318461569001,0.0,0.0,-0.009677419354838703,0.0109034267912772,0.0083919290114504,0.00318163355487739,0.0,0.0,0.0,0.0,0.0,0.0,6.999468040428927,707.54622648678,0.5121710749983002,0.6671752946776045,1.602381008034938,0.0099066955502807,7.467785063738152,1.913354700115758,0.5720906341636938,1.2302417020195844,0.5710615221061599,1.325749093795445,0.4247045802790592,0.675251223936483,1.853959012383962,0.9473268901726664,0.8567338981996455,0.8225331940361374,0.9729919523496586,0.3782014684910769,0.0033909942361562,0.4763290085742332,0.6254112746317527,0.2728756584093549,1.8818806735379667,4.263141658877474,19.49604802540773,30.840624670664265,0.014769564223614,0.0121004508907196,0.0140415461990586,0.01345853590947,0.0099066955502807,0.0121876299951672,0.0099066955502807,0.0121876299951672,0.0355812837174344,0.0324091673820395,0.0315753454425948,0.0338668793761813,1.3073350092815916,0.5732059112976737,1.73319820384213,0.7599272174610832,-18.21907455436049,0.3950748029543738,2.069829146415276,1.5981720574697167,1.1947599107705078,1.1949529122843898,1.282385665888217,1.023834349558749,1.0842691455226667,1.0178678096289897,0.0001797272020847,0.0001228732085178,0.0005532591019088,0.6412145693878245,9.199392840072556e-05,1
86.98051636433,96.07879388138,-18.65733714193,1.3996864702306684,1.099756054120791,-0.31995112650516827,0.0,0.0,0.0,0.0,0.0009505703422053,0.00019011406844106002,0.0,0.0,0.0,0.0,0.0,0.0,1.7995717019349395,602.65656773687,0.6887540765297859,0.4092765921710632,1.605831775103992,0.0102759425355761,7.245225832430701,1.98350699122964,0.4092069837470303,1.1534207829885017,0.929820685650195,1.279009267533783,0.9928593983749462,0.2425069253279513,1.3365699023742257,0.9247074313376836,0.6679318880594953,0.6588806029490881,0.9748394148796442,0.2587899688832715,0.0034632592683,0.6493954709796034,0.5412740181361266,0.2356055493951089,2.371928294004324,3.0581712949555926,12.45735289812727,28.24247540479744,0.0136645275826422,0.014893718424413,0.0124983374096077,0.0126119588602703,0.0102759425355761,0.011852485685329,0.0102759425355761,0.011852485685329,0.0329867954347763,0.0363429620951703,0.0374025030439032,0.0290724219700447,0.9909695638597124,1.1582293703751163,1.2674592560204831,1.481386098639592,-15.643234003463265,0.3510143925072094,2.861228121736959,1.5006406449214975,1.345090048061334,1.3939943815350548,1.1757907484660488,1.0064309801093418,1.048537919693293,1.0728740930853269,0.0001156190430405,0.0004460430963945,0.0004573060949761,0.5881582298349824,2.9993101586635075e-05,1
28.60057201144,33.300742016659996,-6.640360134893002,0.2000040000800016,0.5000116002704063,0.08000144002304029,0.0,0.0,0.0,0.0069930069930069,0.00349650349650345,0.0020979020979020697,0.0,0.0,0.0,0.0,0.0,0.0,0.4000008000016,705.8014116028199,0.656743313486627,0.4006508013016026,1.566623695287866,0.0099793237013978,6.502827537484775,2.0387979277723147,0.5075702150533952,1.0572359736462498,1.180247577975451,1.0875386337165165,0.2091681902746972,0.1099085030802838,1.3960679122418092,0.9920605717445964,0.7504615820067349,1.4284691844206112,0.9956579364043876,0.023951193943523,0.0036622908650382,0.3638678560665063,0.4938402951351598,0.2006684752623978,1.448917130037423,5.074359176044133,12.523615302492464,31.062987180924864,0.0149746405341038,0.0131887066367696,0.0129899032474389,0.0155317826946886,0.0099793237013978,0.0105505000097784,0.0099793237013978,0.0105505000097784,0.0324212975872594,0.0325757130022364,0.0309013400350932,0.0339629610831825,0.7662010595856676,1.2634228566061734,0.8332732534939441,1.3740211672796958,-11.218873413899797,0.2886382111103267,2.512398008544544,1.9917273561324889,1.0709758379408263,1.2147960218405147,1.025267966617101,0.9024741716253823,0.9249379412332484,0.8070111690595645,0.0003243748399423,8.479086298153471e-05,0.0005164704906131,0.504227249081785,6.0000720008640105e-06,1
10.59436379845,10.794334374240002,-1.3594633533730003,0.3997873131494045,0.2998418833932103,0.13992583930852295,0.0,0.0,0.0,0.0,0.00909090909090905,-0.00014260249554367635,0.0,0.0,0.0,0.0,0.0,0.0,0.19988966090717922,289.04044967178004,0.4972095403337357,0.5871378998792667,1.8245339927991768,0.0112624806553736,6.640313858346541,2.045302233998363,0.5020800569189453,0.9699585360438272,0.5589125138834854,1.2059654236002404,0.677658391733784,0.2697780428143408,1.1409069707731725,0.9078293313128633,0.9101833847438436,1.4009460554721436,0.9103271296446416,0.6904743046532545,0.0028091709609506,0.3478669562315042,0.5079413976603112,0.253402272181904,1.897410064685388,3.618478854998033,18.862266283338677,37.496209948506895,0.0118453835087823,0.0135542788767906,0.0141210720858622,0.01395053717268,0.0112624806553736,0.0109241392487081,0.0112624806553736,0.0109241392487081,0.0294569201919817,0.0319342564612236,0.0309095047012225,0.0306216374107014,0.9406819289003436,0.932636915989402,1.1344298808593942,1.1247278734563813,-19.298124814231915,0.2670429452969123,2.346305011974607,1.7711467159266443,1.0683841113922354,1.1104559888354055,0.9779674762800956,1.2541650144408738,0.9833491698209478,1.0196805872072288,0.0001693818623077,7.25015640617177e-05,0.0006887575114739,0.6966460058942183,5.996785722852551e-06,1
32.59445894197,35.894211535745,-4.419741216385996,0.39993201155803515,0.4999198128927221,-0.059996159781276384,0.0,0.0,0.0,0.0,0.0,0.0,0.0,0.0,0.0,0.0,0.0,0.0,0.9998080368569237,673.47069362682,0.7083539960327617,0.4238306245200921,1.5213957080332507,0.0087413527099199,7.147846608305979,2.0188395339487872,0.4875660004797239,0.9345447997927896,1.1215484616045477,1.2335108011026026,0.1832083546676383,0.1953903215035491,1.266308235481516,0.9094244853589676,0.6144354857804079,1.2896898630410705,0.952976686422781,0.7078654341317768,0.0028757517214365,0.5633588961076031,0.4218443000623099,0.2751741630425958,1.648567381022478,3.2958751105232627,16.169753532178973,42.80174064371203,0.0150829192756544,0.0122409194947275,0.0113637454106792,0.0134828912806089,0.0087413527099199,0.0081691857182102,0.0087413527099199,0.0081691857182102,0.0312536543161987,0.033332689609651,0.0350247524476782,0.0365866473154516,1.163408248647492,0.6281346046790248,1.4350766407985438,0.7748108194178905,-12.460180618493832,0.2580144227096472,2.3018968495220107,1.6623145635206196,1.1100572986204174,1.3454625687361033,1.0992520587866452,0.9739312215669576,0.8052561482041407,0.9888920680683202,0.0001742391573698,0.0004634016483919,0.000778784588628,0.6739097806622814,1.1997864380140335e-05,1
54.97097532501999,51.872903755805,-2.599241375779005,0.199894455727376,0.19989565447555627,0.059968256800389454,0.0,0.0,0.0,0.04,0.044590163934426205,0.01024545489337713,0.0,0.0,0.0,0.0,0.0,0.0,0.7995538489522847,310.62667031796,0.6157544090397559,0.5752610043595674,1.5111326251222243,0.0088062899399704,6.933794217344292,1.8996836459344324,0.404980632115184,1.102792269686937,1.476372575890083,1.21537359264163,0.3655380135467615,0.8133543304854544,1.5912134834058702,0.9124973997184628,0.0877959705897459,1.2653314413152168,0.9981975646680796,0.2779919506193937,0.0040622743631408,0.4742701498702988,0.7048502700409017,0.2089262271190829,1.4428962521739603,3.0799699620232968,14.187859172572914,34.108231054083554,0.0148547175402555,0.0149215272377619,0.01490750085948,0.0120608773817875,0.0088062899399704,0.0097115084704212,0.0088062899399704,0.0097115084704212,0.0317375246966142,0.0356797579767469,0.0299565351679226,0.0335355065259141,1.1124234823928711,0.3278445513507844,1.3520101243347369,0.3984536102031862,-14.06615975286412,0.3507435713158295,2.454299450854955,1.7854723111506217,1.141916920715378,1.2973849465883454,1.204566289482178,1.1135763657534108,0.9144892645438004,0.8960079538671573,0.0004479184669958,0.0002508740481914,0.0006243307857719,0.6811302471884718,9.994243315850073e-06,1
34.99006282215,35.390092374245,-2.9396188330279993,0.19994321612662003,0.09997160806331001,-0.019996560404511435,0.0,0.0,0.0,0.08,0.0623463687150838,0.01859048586422891,0.0,0.0,0.0,0.0,0.0,0.0,0.0,534.03444932071,0.7350321400365887,0.4510601713468825,1.5783258781212877,0.0084455421489357,6.605283180654902,2.058028051163146,0.4403865539181628,1.0267965550804616,0.8720023779645558,1.1502778673995795,0.8417414057472934,0.3266047584841315,1.3010248136359528,0.9947131664253188,0.0129239014057419,0.6031795636327175,0.9157345978392678,0.3310976063873522,0.0024692219942398,0.3456402004913707,0.5695665638832791,0.2445932834115679,1.804255454663141,2.5677449034603947,16.54956215456966,28.86223461703784,0.0152627010388349,0.0124104734752585,0.0146348054826354,0.0146950684665492,0.0084455421489357,0.0086718535843141,0.0084455421489357,0.0086718535843141,0.0333089136011781,0.0333161877883149,0.0347103544946124,0.0332840131126145,0.365004594233578,1.2310969791397297,0.419856706246049,1.4161036077269131,-13.356414108516354,0.7495784809978654,2.00201036488587,1.9739637420578129,1.2127867822796965,1.244457933481247,1.2380960749734005,1.1361145865909532,0.9766073949215714,1.018948184893142,0.0001102073590355,0.0002034072065262,0.0006820688099964,0.5600119304952474,1.9993961823529296e-06,1
48.77044511026,51.469297119285,-3.7987566883259976,0.19987887340271795,0.19988067125544118,0.019985010659478036,0.0,0.0,-0.30000000000000004,0.0040983606557377,0.00389419877805335,0.0012640637262231003,0.0,0.0,0.0,0.0,0.0,0.0,0.19987367983434468,256.43793122746,0.6193825502282557,0.5227096475027783,1.5231263851451209,0.0119819572253409,7.049880849524005,1.8986043110544544,0.4068206635423979,1.1285398995015947,0.7184979811584878,1.0815521543549154,0.2596901632838,0.8228782299215435,1.3767432550680296,0.9794950725561732,0.7877254225302582,0.5809489513968502,0.9548883425325404,0.2707237358121548,0.00243317686567,0.513943598787233,0.7962792776053312,0.2988379253244791,2.0365782905040524,4.493557486411041,14.139166269983493,34.32123516484341,0.012778961326712,0.0124515644674021,0.0141402481194385,0.0125200782985792,0.0119819572253409,0.0135221168029186,0.0119819572253409,0.0135221168029186,0.0369693357139981,0.0326263232757289,0.0322428579141749,0.0299778791049739,0.52557325439279,0.7585429437901091,0.568434885559846,0.820403755026912,-18.24684082320513,0.4514268123827638,2.0899709017332624,1.879319119338045,1.037942207641758,1.1555484069232174,1.139447147726817,1.1428371923633631,1.051881692985857,1.0090001093999854,0.0004991797566838,0.0004736579758297,0.0006293395723299,0.5255276118692461,3.997537516889596e-06,1
76.1713595688,77.67127062933,-1.5601698342219914,0.5997744847937175,0.6997416953759743,0.11995193908192002,0.0,0.0,0.0,0.1286089238845144,0.10849638113417634,0.03840672217009001,0.0,0.0,0.0,0.0,0.0,0.0,1.1995297843245447,515.59788562883,0.7423010180009436,0.4778626778302905,1.5427233741441488,0.0103759335247913,6.648884593126707,2.055174496613553,0.5715497567810798,1.1297697489959555,0.7484979671223285,1.4955840133284934,0.1025728355331555,0.0093144696423836,1.575317072494553,0.904116057732419,0.3126042842408049,0.5713955951649418,0.914225684600221,0.2136131425329783,0.0036621221777704,0.6110286445838411,0.5402123850047433,0.2654538456672284,1.5502444032012617,4.410403339965586,16.080395661744216,39.138202168632034,0.0125268645453369,0.0117219268129987,0.0127787030110352,0.0147984930678674,0.0103759335247913,0.0117224158139022,0.0103759335247913,0.0117224158139022,0.0328603046698375,0.0359073699765745,0.0380086942341579,0.0346444862054222,0.2984552020910976,0.5864064810164418,0.4463648289421704,0.877020158320409,-18.932962067462555,0.3179210895916214,2.236575756445248,1.5034871893008168,1.2589399460007655,1.007817211397824,0.9299379628558188,0.9943871517196474,0.9782860517676972,0.7840138856726768,0.0001780422254135,2.955796799244204e-05,0.0006021673321546,0.5646184351393334,1.1995297843245448e-05,1
37.58338814244,42.981147469535,-5.677875256774004,0.0,0.0,0.0,0.0,0.0,0.0,0.0,0.0,0.0,0.0,0.0,0.0,0.0,0.0,0.0,0.0,428.40636032513,0.7684986386153458,0.3715080783485864,1.587065034421293,0.0135407701400654,6.465926315582701,1.9430462986014647,0.5307964501600932,1.1672166509936293,1.3305894148085256,1.3966969258732935,0.7417614358187985,0.74513401645065,1.3481276192582017,0.9152614831004569,0.4596615125599503,1.1900810336116765,0.9759498865061906,0.8063379439978966,0.0039067981795595,0.6593043943819757,0.4235978964557707,0.2733540048268986,1.856128531378336,4.49878297045605,13.832843064188994,50.8605150477076,0.0134943961378931,0.0127129326032285,0.0117027649252569,0.013587973735585,0.0135407701400654,0.0158050123747617,0.0135407701400654,0.0158050123747617,0.0331544190672773,0.0305661936786943,0.0326566492569117,0.0304111179021837,1.1671535182537849,1.2652636948538154,1.63015973096726,1.7671899130214088,-17.351565312943492,0.4780774750339737,2.3620704054972217,1.5104404608869475,1.1301059664155122,1.3546118796363975,1.214762232133725,1.1732206639232556,0.9294693977736042,1.011302850110114,0.0004852003129398,0.0003317595725054,0.0006610201589705,0.5984371601652723,1.999108397654646e-06,1
52.775934174010004,55.375154750055,-1.8598283134060054,0.3998176831364898,0.2998646610960136,-4.316210975529637e-06,0.0,0.0,0.0,0.0,0.0,0.0,0.0,0.0,0.0,0.0,0.0,0.0,0.199903246828535,401.80552612535,0.7583889397531595,0.5177574054157787,1.5014138686556768,0.011305588700049,6.398203629130521,2.016889352482613,0.4213524059884264,0.8088245797011608,0.8898066124138876,1.2902320734828103,0.3461075751905247,0.4077944137200993,1.5180739090292714,0.9939696366898764,0.397472878458077,0.6461829424379905,0.9514493193095428,0.1540602530970153,0.0021954014635644,0.5804328904169839,0.4965495111673143,0.1735019500657982,1.387222566817014,4.418749149825138,14.882165787987798,45.10907789555644,0.0117332037376732,0.011159438729902,0.0140787988185194,0.0153652954634664,0.011305588700049,0.0091442380285913,0.011305588700049,0.0091442380285913,0.0349706970104956,0.0332127763611615,0.033234529127603,0.0311570007020341,1.4802802819477774,1.30347102295706,1.9099050975132,1.681780120674648,-11.67699613567759,0.3079577043452851,2.175187248321705,1.6444514578090277,1.0806324535519332,1.1741684188228918,0.9511846140393132,1.060190306825634,0.90103696666895,0.7543602865523034,0.0003573465226859,6.880543569010939e-05,0.0004663249257468,0.6113822533788223,5.997169336073373e-06,1
38.98713424569,42.18630544658,-3.3993986832059995,0.39986804354563,0.29990203200953924,-0.07997988476146968,0.0,0.0,0.0,0.0,0.00220264317180615,0.0004405286343612301,0.0,0.0,0.0,0.0,0.0,0.0,0.1999308239349185,535.61467732164,0.7787845405489701,0.3775333734527853,1.6086535692114143,0.0100655146962257,7.758008799661585,1.9561043139039795,0.5755043065394836,1.2036558682089502,1.3216695082354182,1.037816385586392,0.0273017415220756,0.2223569175968029,1.364329993657258,0.9875226160028612,0.8716379735966563,1.095707753896601,0.9084053921387182,0.7620456212395837,0.0035246466788171,0.6757448445282733,0.327070156501097,0.281707640832727,1.5435186217851469,3.5088839241051017,18.887154425760414,43.07549233703725,0.0135600056765943,0.0131466539128007,0.0131506885163696,0.0131046329382191,0.0100655146962257,0.0121154158306555,0.0100655146962257,0.0121154158306555,0.0339084219908516,0.0308807957695571,0.029032022081668,0.0325355198303033,1.1214128868118889,0.2841646730256054,1.163820668941116,0.2949107538707727,-19.512077642444403,0.7325097790835486,2.1268722587874063,1.6421354037531328,1.1697299300444288,1.2321226336260918,1.2257582266443947,1.0176816201698116,0.9525183933895252,1.0572790642669248,0.0002190812859644,0.0003022841410909,0.0007143807516969,0.5401876761217159,5.997960693364256e-06,1
9.996121504856117,12.39529418712306,-1.179640943283165,0.19992243009712232,0.09996121504856116,0.03998412629214939,0.0,0.0,0.0,0.0,0.0,0.0,0.0,0.0,0.0,0.0,0.0,0.0,0.3998384652600349,403.43701144737,0.6736498454624332,0.392099591764927,1.5076508673197828,0.0119622222417297,5.948797244093017,2.01873005169995,0.4580727033897235,1.2496139679311862,0.6415709723143275,1.0906159686413708,0.5869781509889135,0.1497112865119375,1.98898373614158,0.9032226682603786,0.3499863682400496,1.2108685328198383,0.988952491570316,0.6092935583640264,0.0021085555739492,0.4271927212450025,0.448972704793537,0.1969145854973435,1.990851998497052,3.471757137326108,15.526946729489826,40.654254813767615,0.0151685642446205,0.0130265668166958,0.013766166890074,0.0129653985415879,0.0119622222417297,0.0149481600007625,0.0119622222417297,0.0149481600007625,0.0393392858593533,0.0380690916224907,0.0326627787807228,0.0316582080477167,1.0087759074371014,0.6273721277522312,1.100187113431592,0.6842220608070975,-12.65472660343922,0.3370304162542875,2.822087681583828,1.905016244649556,1.0524543748600654,1.2257582269571683,1.2032415716832467,0.9677842779871156,0.8257624933312283,0.9532895366146408,8.592157376924054e-05,0.000125624842952,0.0007136533189252,0.541339615247907,3.998408633363921e-06,1
48.38277573183,52.28150014639,-2.039639285444997,0.3998576506763592,0.49982326249629994,0.03998340669807041,0.0,0.0,0.0,0.0578512396694214,0.04316049527955055,0.012988623383841639,0.0,0.0,0.0,0.0,0.0,0.0,0.5997756838942236,742.52229666104,0.5692590970976855,0.5175784256687999,1.5000190403374762,0.0102846957551263,6.167543742221141,1.9822372646556143,0.4748881792631674,1.211513585407599,1.2105383951478723,1.352541979438254,0.3605389885688866,0.3234185655117112,1.6765355384059462,0.9640427835705816,0.8957847717537709,0.7708613708595918,0.9923816779617772,0.1345631233438965,0.0016538486042775,0.5638782168619979,0.516906382779233,0.2502614844361917,2.124401786707858,5.809601287515193,14.678661689978176,37.649464862031024,0.0091168687954031,0.0142254601484237,0.0136652418026517,0.0135645379487555,0.0102846957551263,0.0124600486291194,0.0102846957551263,0.0124600486291194,0.0299274885027417,0.0350618228831798,0.0335673771848577,0.0312137804814181,0.4377896867577933,0.7012711581186847,0.5921289295050389,0.9484986803248028,-19.854154427542863,0.6499035636796782,2.2473152855074066,1.6813194953777375,1.1770469904706151,1.1015703226511,1.129377685280585,0.9421002098334708,1.032893999585213,0.9716582575356516,0.0001468328107402,0.0004493139363221,0.0004056638786016,0.5628423878052076,7.997105047972635e-06,1
19.40124167946,23.801664316945,-7.880773551806002,0.0,0.10000740054764053,-0.4600378831182566,0.0,0.0,0.0,0.0,0.0,0.0,0.0,0.0,0.0,0.0,0.0,0.0,0.0,775.02945111914,0.6303759542862629,0.4292563117398461,1.5590813906816468,0.0107932337218371,7.692716820573899,1.931346031709424,0.5006786692259274,1.0487837962125792,0.84150426920032,1.0425816696939323,0.0414683097859385,0.1819726358069264,1.842788865331392,0.962030592612246,0.2143083834525729,1.4521601099944943,0.9066676836469764,0.2415652498132892,0.0021589147425985,0.4449198043963492,0.3721108020122519,0.2475513977737395,2.268846185331399,2.942670139354888,16.367052408629753,26.99286696234435,0.0147883091454093,0.0130899081524077,0.0139714519841273,0.01465725085831,0.0107932337218371,0.0113197686361979,0.0107932337218371,0.0113197686361979,0.0325831982397276,0.0315100498080433,0.0329149384931272,0.0281245401750174,0.8437771290320051,1.314309084999264,0.8797065680357404,1.370274560332437,-17.430661499391874,0.370774352001026,2.954345894693943,1.819701409987708,1.3750051402372572,1.2821177110119006,1.275439642293203,0.9235048650296798,1.1239696516933648,1.0632743778077618,5.364183167105907e-06,0.0001315911511159,0.0006111505219148,0.7497249256512586,4.000040000400004e-06,1
42.19367094935,42.593782908135,-5.7795550926749995,0.0,0.09998580201611372,-7.997760466860393e-08,0.0,0.0,0.0,0.0,0.0,0.0,0.0,0.0,0.0,0.0,0.0,0.0,0.0,569.50318445864,0.7676814941459952,0.4513992621254387,1.6201182014849256,0.0123012588592277,6.480804454561652,2.0643586365513498,0.5317547176913632,1.231504100253942,0.798413475060551,1.4249126141178237,0.7925346019815177,0.9128280936494276,1.9979237105705785,0.9535261147652626,0.7373412197194651,0.7259566502508805,0.9090111897063728,0.0351814772232897,0.0031500315975446,0.5595370598615662,0.4284086878358009,0.2767998562699261,1.9713085227563036,4.286774514504781,20.05020156845052,41.05305393662619,0.0119230368872726,0.013821373557225,0.0130886764045584,0.0161274202554718,0.0123012588592277,0.0151490507234241,0.0123012588592277,0.0151490507234241,0.0307428533481772,0.0337961257370961,0.0337618804836874,0.0296311064698415,0.9526333378250126,0.2799862441431813,1.3574192596960264,0.3989559310590916,-14.07956328121859,0.5913097613983382,2.4831801309981665,1.823866666449875,1.3381930683870549,1.138552017902555,1.1380387589821097,0.9767789598333017,1.0641978849409706,0.7836310177025676,3.451553342629893e-05,0.0002840576607116,0.0004219477191137,0.6479969783016792,1.9996880486644084e-06,1
4283.16014303199,4609.398740187765,-472.58573288994126,47.59733454926,53.395293259265,-3.1573144233259907,0.0042016806722689,0.00210084033613445,0.0002152080344333094,0.995003968809824,0.9940580396700958,0.004140525964913313,0.9915966386554622,0.9890415625709743,0.005792941179357615,0.0042016806722689,0.00210084033613445,0.0002152080344333094,85.80446183200999,1146.45961590002,0.4808930064363347,0.3878641689367847,1.715610657069408,0.0099099057517014,7.416234132007046,2.005326670393961,0.4046328905803512,0.7676534196338634,0.9180829276211347,1.3727158115096998,0.619152410442593,0.431196013259107,1.811163685054732,0.9396694293172286,0.1419511760232499,1.1190592267735004,0.9193209848451668,0.5396159490881846,0.0029319931579187,0.8108844622019651,0.6271601494568204,0.2873150752284634,1.8185135845982685,3.721391546156442,15.604112933450244,25.46770105112203,0.014692859181577,0.0142826496951323,0.0110710531622174,0.0126165208873872,0.0099099057517014,0.0076073730385429,0.0099099057517014,0.0076073730385429,0.0357575592916142,0.0352651027231569,0.0361370742413341,0.0390329085885239,1.337456746925656,0.5294111912106088,1.835948023715175,0.7267311129649876,-15.058237936121284,0.7316302205413927,2.7834981674464387,1.9544195520970236,1.1981305685396306,1.1843292470698006,1.277647073237872,1.0706649682870706,0.9022375239328946,1.049427884443055,6.570273751319677e-05,0.0001892535463096,0.0004559899320674,0.7224827508362108,0.0008940196684327,0
24.39595027225,26.295804070465003,-2.0799515673439943,0.1999668055102853,0.2999526074976123,-0.01999955968338516,0.0,0.0,0.0,0.0,0.0,0.0,0.0,0.0,0.0,0.0,0.0,0.0,0.7998512276716531,759.4587406742301,0.6208945136204665,0.5160520143253355,1.503689933575171,0.0118830535956279,6.665531615035428,1.99354674520402,0.5572326759003037,1.0985366550769031,0.5023721034286819,1.1672972765776732,0.5112340794126607,0.7065057853753438,1.868926332368344,0.9268713874907082,0.5528696712078034,1.4963882556426829,0.9854198746336248,0.9870039554154116,0.0028416306457183,0.5796777531090087,0.4506670060489436,0.331185155736103,1.8426149444307711,3.1301357684142754,16.922334195565853,28.83504379717453,0.0130510100325003,0.0153709670013321,0.0102683684130182,0.0145076899964425,0.0118830535956279,0.0130539699490407,0.0118830535956279,0.0130539699490407,0.0321890353403266,0.0358857320042817,0.0375795328986554,0.0324211829118537,1.1558646617383384,0.4151629023299217,1.3492376717395358,0.4846185252258002,-11.773514937482384,0.6399010921944002,2.474378582778788,1.8624242528294068,1.3997830843370322,1.389268712984006,0.9971782025642956,0.955932923448386,1.0289259725735764,0.9049024674964838,0.0003353629034913,0.0001910919396528,0.000620034009143,0.5260118334486374,1.1997264623665805e-05,1
124.99675008449002,131.89712586473001,-19.540815853292983,1.5999584010815717,0.8999774005731853,-0.22000899969592846,0.125,0.0625,0.007499999999999985,0.0,0.0,0.0,0.0,0.0,0.0,0.0,0.0,0.0,1.1999448025390833,815.3624933253001,0.6705151563028101,0.4031534549410727,1.5406248764777923,0.0108207122678448,6.420978454112079,2.009138832326062,0.5679200899060391,0.9554086594720071,1.391143478542866,1.267023723049404,0.1655203797697352,0.83810515806928,1.7616703128132023,0.960416061523033,0.3811482847298638,1.3267689325952523,0.9776046678132648,0.2647472477660412,0.0037143991050366,0.34978059471983,0.4467420498238035,0.330756747299861,2.7833840391018634,4.005058527183291,13.48208512371184,36.28668895651175,0.0145014447371038,0.0142206564290323,0.0150236907824851,0.013682866202958,0.0108207122678448,0.0103382022023539,0.0108207122678448,0.0103382022023539,0.0358469766931184,0.0332840393072584,0.0342482051239289,0.031479098389367,0.8844592788178063,1.0318078991211723,1.1206308883333278,1.3073250858162917,-17.198218491032286,0.732879251283499,2.3872183660364006,1.569201647450171,1.3400937096822363,1.13683750540984,1.013174623700162,0.929879853071019,0.92754801653133,1.0192334853778424,3.707718722709125e-05,0.0002619446568386,0.0004736268569858,0.6549281068709231,1.799859610950346e-05,1
59.98752259529999,62.38708827229,-3.019661453577008,0.39991681730200124,0.6998554298646307,-0.0599902814793987,0.0,0.0,0.0,0.0,0.0,0.0,0.0,0.0,0.0,0.0,0.0,0.0,1.3997004641006825,721.24565343016,0.6363838138638331,0.4529830616248123,1.5848399063195773,0.0090865927875984,6.63397618486702,1.9907405165816672,0.511581290567174,1.22690857083966,1.24316924109725,1.2114996651548775,0.5810233910182606,0.6416890544828838,1.7447680509239414,0.9556506577631292,0.0974123378524421,0.6994774204354217,0.98152247377849,0.8566093437772324,0.003308425842591,0.7657984670522453,0.5100538007889638,0.2358385884793923,1.7717365871912472,3.3400270302392143,14.271249632807542,37.96333261452531,0.0134069215992538,0.0150751644294382,0.0146219436499103,0.0143460166228877,0.0090865927875984,0.0111484185708344,0.0090865927875984,0.0111484185708344,0.034083213697258,0.0312557532637648,0.0334443632954032,0.035990210470369,0.6874434349551416,0.9371853221985372,0.832837491261073,1.1353997040315942,-13.532750053909162,0.285525855995767,2.977961399626521,1.94383096705105,1.3037836571040335,1.0643267402204948,1.2561380316833812,1.0241674756080748,1.174137612574042,0.8153656433561058,0.000461311657557,0.0002636438333475,0.0004833063580711,0.7089763776567788,1.3997004641006824e-05,1
179.0017900179,182.3031222624,-9.042633667773016,1.4000140001400014,1.4000238004732104,-0.04001872105317117,0.0,0.0,0.0,0.0,0.0,0.0,0.0,0.0,0.0,0.0,0.0,0.0,2.0000120000720005,822.80493682962,0.5621073726442358,0.5653133918803512,1.5903612473032498,0.0139745063645009,6.140711023828693,2.060965238413877,0.4487346477138821,0.8053486014768825,1.443461892826144,1.1953555232330495,0.8435283026930573,0.1153146512362133,1.986334001024688,0.9235247343431338,0.0439583701135218,0.7236603509828062,0.912190100799188,0.0527319204032423,0.0044904969486493,0.4824738943251188,0.4116762220224427,0.2790989285597423,1.8409994886786245,3.306024506174356,15.101523525333004,43.29887662461333,0.0124353924961285,0.013899424726232,0.012345522262125,0.0147523154820007,0.0139745063645009,0.0112543491569806,0.0139745063645009,0.0112543491569806,0.0284749371383039,0.0279523133168083,0.0339666158347935,0.0351658103376567,0.9077510741416436,1.2577019281072244,1.0850852601959473,1.5034009463438265,-15.654503584521729,0.3943252044991657,2.69664873090883,1.9011517093973431,1.3186218354801156,1.1351058046463447,1.2428710632469202,1.2562646458026785,1.0245230114707815,0.8256563783701385,0.0001810519064825,0.0002230118460039,0.0004725681365156,0.5677248038973075,2.999952000767988e-05,1
29.19900723375,29.29912142681,-0.7002137899999994,0.0,0.09999740006759823,-0.09999908000376016,0.0,0.0,0.0,0.0273972602739726,0.027304072313857,0.0063018063129534835,0.0,0.0,0.0,0.0,0.0,0.0,0.1999872008191476,698.95526686292,0.6985392934852169,0.4898366504543709,1.5415802987223843,0.013339538554205,7.053293515153619,2.057857149256195,0.530545871420271,0.857834347423584,0.912450294382798,1.110132943350429,0.1611114473756482,0.9651276813574268,1.444456501892048,0.9620027690651932,0.3654644697960574,0.5454901211402634,0.9197488729865538,0.5664493979099622,0.0032081465190745,0.4530303064665559,0.3877995152543553,0.2322430654334288,1.8414496594055365,2.8141482273640177,13.606610794998153,51.26965000528476,0.0127013973492429,0.0154825825144166,0.0138332921089232,0.0127113374049817,0.013339538554205,0.0114431143505781,0.013339538554205,0.0114431143505781,0.0343063283085721,0.0321110343493973,0.0325615618678463,0.0341455850188666,0.8885159357420287,0.3566587651422408,0.986370810959059,0.3959386447190852,-15.951467288371962,0.7371751868277184,2.344085437645126,1.709733463291551,1.1222515564886275,1.3142100828097858,1.018878647143249,1.1047805782094382,0.8042825947871899,0.8573605329760463,0.0002018752533038,0.0004737680959963,0.0005550547753011,0.5951110998615528,3.999680025597952e-06,1
470.51624810783,425.0251045993,62.44672825962697,4.199252533049117,3.599365311930658,0.5798789843313917,0.0,0.0,0.0,0.4670633234169146,0.404501103225844,0.10693958772140837,0.2857142857142857,0.17619047619047615,0.07988095238095237,0.0,0.0,0.0,6.598653874609579,655.26632566956,0.4132636942063818,0.5864803580069666,1.5433769115017837,0.0110277790321935,7.4088350719005955,1.9683847594221229,0.5150117205010312,1.126376224574268,0.5877541663140942,1.106115523546741,0.1238543346668938,0.8540437762607379,1.814414162232588,0.9973253686700628,0.6936291730780277,0.9561655904159132,0.9159985169024925,0.0806644664338396,0.004069375339387,0.4877946131080305,0.4499508071042406,0.2271889544832417,2.449576761266051,3.407942883952705,13.826918553884072,27.57031359838016,0.0140126004764422,0.0139761510099468,0.0131322533106325,0.0122920581321375,0.0110277790321935,0.0124214281117214,0.0110277790321935,0.0124214281117214,0.0330898947175542,0.0347249677548082,0.0341089424630588,0.0338914232007504,0.3276515836956704,0.2730311106097146,0.3624205030404552,0.3020039498566126,-10.248227264033044,0.3118659469592494,2.336618037907142,1.6951285389287072,1.3398345836872558,1.3865980503706852,1.1621450220697058,0.966900730034632,0.9127414645082024,0.7762232041384721,0.0002134996457844,2.119383766591404e-05,0.0007319491671767,0.5358117807938791,0.0001759623440583,0
88.98255941835001,94.582163168385,-3.560511946578999,0.7998432307267775,0.6998670252987806,-0.23996976321052968,0.0,0.0,0.0,0.0,0.00099800399201595,-0.0015825774194185799,0.0,0.0,0.0,0.0,0.0,0.0,1.5996576732579229,630.66503768193,0.5451233436044687,0.5545693221650567,1.5188982850738393,0.0092758263018228,6.80330486251778,1.976886088897198,0.4524601929615195,1.18398329629069,1.171143074879677,1.077665236871701,0.1739213781994714,0.8691987139024425,1.926877964305944,0.9927089203977132,0.3723813870267936,1.150142920595638,0.9113328981534604,0.92923168241343,0.0049179789366136,0.4438164229038365,0.5838126100753535,0.2248227801132915,2.071486253257944,3.841086434511267,15.714331789455766,42.20056122899671,0.0146282532981397,0.0120731404056222,0.0136766365308343,0.0148075118925666,0.0092758263018228,0.0109824234006521,0.0092758263018228,0.0109824234006521,0.0302302623833026,0.0328104259812483,0.0339913188358087,0.0323383154951105,1.1653674406867356,0.5648627082410248,1.255875979010239,0.6087329042765546,-11.329100287871674,0.4406739113711521,2.024356456060001,1.5367773436286318,1.045249674322139,1.063547040546822,0.9233457907087124,1.0421669773136044,1.1493666352446796,0.7784941229923121,0.0002465302803595,0.0001355924438454,0.0004587612635111,0.7441297006181109,2.199524902621034e-05,1
91.79137161106,99.991249969265,-13.040149660464985,0.9999060088351696,0.7999284064346194,0.27997280261591023,0.0,0.0,0.0,0.0021786492374727,0.00108932461873635,0.0006535947712418099,0.0,0.0,0.0,0.0,0.0,0.0,1.3998292208350582,811.5009968783801,0.6329847758573454,0.4423600320760867,1.6256517743469563,0.0113487472359997,7.660061904120254,1.9793389291951395,0.487542264873073,1.0779824183936229,1.4380221457814109,1.0894614679747363,0.4549783069822721,0.7673586059362129,1.7978268283302747,0.9330475893176448,0.8117743994821106,1.0404460605633503,0.9098765933346308,0.8141328389561263,0.0045775773405423,0.5077109648608574,0.3919313633365471,0.2364639968514608,2.459064630279626,4.586548914337281,16.560552375855647,33.66529673010635,0.0130073667794629,0.0119831028285184,0.0140072497719562,0.0139478742387743,0.0113487472359997,0.0122337499912009,0.0113487472359997,0.0122337499912009,0.0291491836140602,0.0343127138270388,0.0270322661780136,0.032548127947616,0.8641570368141154,0.7616027813377301,0.9414657938882044,0.8297368841698455,-12.343383463261482,0.7000894412270116,2.257565150235901,1.954026579501615,1.3123043012501394,1.2625482558846397,1.0375118579817322,1.2298332524255695,1.0689960245197505,1.0752272685784314,0.0001798068569859,0.0001442080249159,0.000637266762768,0.7174101294669858,1.3998292208350582e-05,1
147.39145129582,150.89232899735998,-12.282106122703992,1.7998956060548488,1.6999126045761561,-0.08002611810131406,0.0,0.0,0.0,0.0,0.0,0.0,0.0,0.0,0.0,0.0,0.0,0.0,2.9997660182505763,761.9405686356399,0.5390219562874096,0.4345901019720461,1.7973367633507815,0.0089733898562573,6.976870857763925,2.0180733577018986,0.485025722066686,0.9199481780597988,1.0571990957614368,1.1255124737766438,0.4873157697819565,0.6413425861673223,1.2898459633367094,0.9448936654695071,0.3995842534085529,1.2716378455955737,0.9045834857361168,0.8289510195216852,0.004841876723218,0.3953044464047214,0.3876445681378592,0.3495720716344684,1.599135323158001,3.718551876499702,10.513245908112228,25.49469338408461,0.0145950959773958,0.0131590623223921,0.0151932819572621,0.0126172943386045,0.0089733898562573,0.0082550536492842,0.0089733898562573,0.0082550536492842,0.0298041019993927,0.0342241510617921,0.0362733476684642,0.0347824055166411,1.3522517471634885,1.3632495712824737,1.5219762091187663,1.534354397349086,-19.098078485934728,0.4589237447542022,2.195412211363684,1.7303623861042676,1.1023837706503854,1.190921307641336,1.0795610610402977,1.0324725999552244,0.8649423390277675,0.7658646181262173,0.0001612928676478,6.614862504214736e-05,0.0007808189785786,0.7011639014847683,3.599748017638765e-05,1
41.99798409676,45.89804588433,-7.580260215979003,0.5999712013823336,0.6999704012687449,-0.20000199968881885,0.0,0.0,0.0,0.0142857142857142,0.0111589213998852,0.00474290637587421,0.0,0.0,0.0,0.0,0.0,0.0,1.1999304040365657,845.9509348457701,0.5500160990662541,0.4950912847054871,1.537449293832379,0.0121628591668015,6.765570243745434,2.0731490980055653,0.4674885989695213,1.207644694768105,0.7115472955721452,1.0879265892572303,0.5550121201772216,0.9454733455970954,1.5991580760136734,0.923941286007148,0.3215331052385548,0.5003701254447419,0.96623659722097,0.0632022751575057,0.0040365456901131,0.5142549542418496,0.3629709129603518,0.2574154939766594,1.980993252515056,4.209121793447133,17.277959050463824,44.63014058765934,0.0144321888112039,0.0135221345518418,0.0123985064717536,0.011710685240847,0.0121628591668015,0.0146884123459995,0.0121628591668015,0.0146884123459995,0.0290770964473054,0.0346956168905423,0.0378433953079323,0.028936287918891,0.494540552812196,1.4742410778544357,0.5380238168703577,1.6038660675730791,-15.327698892925731,0.3472963937558725,2.542694835661573,1.9646381472560484,1.104205881099358,1.2304058306100645,1.2711712688892298,1.2500746019534703,1.0164372759342,0.86480023307382,0.0002132404376483,0.0001231373554494,0.0005338975149736,0.6007758130115471,1.5998560129588337e-05,1
199.58962133969,197.59050765917502,-1.3411882563709645,0.7999584021630876,1.49993080321105,0.07999104061596353,0.0,0.04545454545454545,0.009090909090909089,0.0,0.0,0.0,0.0,0.0,0.0,0.0,0.0,0.0,2.5997764192279464,804.9307759532601,0.6041200456760718,0.6060718778185076,1.5054383987794902,0.0091346581080949,7.55666751871197,1.9746413482416116,0.4912663168330002,1.1496288478310628,1.0712154149749904,1.1522256863670672,0.5616704765466254,0.6281363086655154,1.830622219231795,0.9764829236425846,0.7591969521858433,0.8777894846491996,0.913464963566593,0.101012046526325,0.0043197031531837,0.3868432156883494,0.4621811330836471,0.2524414018678852,1.276951438250402,2.9662885443294105,16.369288152009023,31.020247626950614,0.0139875971644769,0.0150301399897875,0.0153149125534469,0.0127618332242986,0.0091346581080949,0.0105014664761398,0.0091346581080949,0.0105014664761398,0.0324339192020272,0.0339602879941339,0.0349712134842474,0.0312206156443135,0.8695747684748365,0.2802362867400424,1.001946384453402,0.3228954478340036,-17.429613774017085,0.5855301414369858,2.052992839252888,1.9224855595533,1.0644282351068532,1.1853564998156365,0.9920968471613568,1.141021731843348,0.9744156625089618,0.9257879484528369,0.0002916969962908,0.0003268852957606,0.0004654129426567,0.7388745203530841,2.799703231457465e-05,1
651.23907434446,638.33892577432,38.64016405559099,3.2001920115206914,4.200257215755366,0.15999659886026457,0.0625,0.050480769230769204,0.02259615384615384,0.0006142506142506,0.00046702297261935,1.869736120420039e-06,0.0,0.0,0.0,0.0,0.0,0.0,7.000336016128775,845.8406003488101,0.5170928204553819,0.5732195145366977,1.560387011146826,0.0100517343969791,7.051597368776296,1.9979974651125485,0.4689828271721527,1.2141996818389602,1.223762454588604,1.2065314246232852,0.1961747972375692,0.6127208990032055,1.707817752636153,0.9546278463106764,0.4680897985080365,0.8060683481269124,0.9919796194305788,0.0823533630102389,0.0042921975084184,0.7294835577769674,0.5522296600640247,0.2875577328260127,1.4555457069125897,5.227180332311462,18.42610105127937,44.98193359636314,0.0147100799290324,0.0129667442868478,0.0152819044469772,0.0147145035233279,0.0100517343969791,0.0122048127067418,0.0100517343969791,0.0122048127067418,0.0378387249613577,0.0322314011186701,0.0307726851998776,0.0325565431512245,1.1997807516944548,0.6541834697518905,1.4475731795775064,0.7892929137247522,-14.951364784706676,0.2636280022576765,2.1112329459124872,1.9451694698993085,1.3486578391322546,1.3861526785972664,0.9652716847230608,1.0712936223115586,0.9083380448473616,0.8937245133707428,3.232316849296407e-05,0.0001518142630336,0.0007075042114423,0.5223410546133468,0.0001020030600918,1
11.79688562219,13.59647211559,-4.579055467873,0.0,0.0,-0.03999000249937512,0.0,0.0,0.0,0.0508474576271186,0.04490424829407875,0.011236855179150441,0.0,0.0,0.0,0.0,0.0,0.0,0.1999436159003161,694.80406525359,0.7643504531722054,0.3677662899062464,1.7013827075576458,0.0122501046599621,6.764804637522404,1.931838318199095,0.5124599021079078,0.9236172825292264,1.3166881169663105,1.051355967015975,0.3043636740454877,0.1264405273163145,1.7763326127384005,0.9623304049219104,0.1118574227462056,1.3226291793615317,0.987997496157256,0.1274759545065348,0.0037601428813463,0.4556428463547417,0.5532897743249198,0.2040100308998189,2.446576113851852,4.158844728197671,18.009659412845597,39.65627170892527,0.0134169883366692,0.013010720602692,0.0144663723193095,0.0151585694997504,0.0122501046599621,0.0113144083767328,0.0122501046599621,0.0113144083767328,0.032651426918278,0.0347289252770896,0.032507018996327,0.033013504573923,0.7041214000878507,1.3406953757914168,0.7402822354860045,1.4095480832890308,-10.60361583387822,0.6474362744084612,2.201946417393189,1.9070003764736048,1.2378929676445387,1.240933943945854,1.1595603220351027,1.2159708729617882,1.1827050524814011,0.7955734139856674,4.987425876499652e-05,0.0003128524194166,0.0007169274982727,0.6150829362406475,1.9994601457606447e-06,1
134.19704766495002,139.297513046625,-12.861396019532997,0.9999780004839893,1.1999792003791927,-0.3800128798532839,0.0,0.0,0.0,0.0134128166915052,0.015016657653231801,-0.0011760527484519178,0.0,0.0,0.0,0.0,0.0,0.0,1.9999240028878904,852.3676100308099,0.5681924086884699,0.4774338575134145,1.8689356048033827,0.011655730877894,6.693545954619071,1.9415117242896496,0.4212938433719342,1.0982120953150118,1.2327213654963307,1.1434778366681275,0.7971868588587474,0.1530922977045937,1.8072404552440848,0.9766410630281928,0.0321633169588392,0.851900937928483,0.9238215277446616,0.8185720591266901,0.003509344905524,0.5549256913172962,0.6278690871184002,0.2688820341485591,1.6780281347010004,4.800508314342863,11.246729775498387,49.80559048926017,0.0139723166857047,0.013902097289743,0.014358605843132,0.0132612499629519,0.011655730877894,0.0128004646298398,0.011655730877894,0.0128004646298398,0.0355645172650585,0.0325637476727749,0.0319591816866947,0.0261831276279235,1.356748869939303,0.5533524041671108,1.5514122627001212,0.6327462100321153,-16.665738395833834,0.3771011209373333,2.0889278287170656,1.946038198908551,1.2372453542828878,1.3862674537706656,1.2639233112091317,1.210647973245664,1.133338662811236,1.0169219802654446,0.0001368033729054,0.0002245646406135,0.0004862571689211,0.7205397512127024,2.5998596075811903e-05,1
139.4122682796,142.91360130145,-6.882090479084993,0.6000528046468089,0.700067206485429,-0.28003720473386656,0.0,0.0,-0.04999999999999999,0.0014347202295552,0.0014004202240672,0.00056702809072448,0.0,0.0,0.0,0.0,0.0,0.0,2.6001976150187414,828.86299358751,0.5585664510502798,0.5156271876662626,1.6241179847316476,0.0119065273910856,6.16553363500103,1.99567364437558,0.5297348195727866,1.0841194116615964,0.8696280359164262,1.4611204577325565,0.9550889285968585,0.3714305854516757,1.868103100665339,0.9203552536181056,0.1395506195856692,0.5489479698661569,0.9536452749497528,0.899202780858659,0.0043916870040332,0.334436255535853,0.3869873378192766,0.217057332195417,2.1446171151101803,5.326790682670495,19.90200546358874,41.322119640858325,0.0129816911591843,0.0126919199249766,0.0149993302306623,0.0137255478573773,0.0119065273910856,0.0129080974701565,0.0119065273910856,0.0129080974701565,0.0377003244803157,0.0360063591989578,0.0324759917006977,0.0313442844723843,1.330410944855564,1.445157689841773,1.943890648719764,2.111549465277335,-14.861651949862605,0.3760931547809649,2.1684826993968214,1.879420815075228,1.3289634351373578,1.25832680503773,1.1167862648165274,0.9037387999142336,1.1283611091357306,1.0007783810566837,0.0001752339465806,0.0002222415866416,0.0006992874958953,0.5359683150888801,2.6001976150187416e-05,1
70.99290070992001,70.19311947472,-6.0801650456199985,0.0,0.19998080184302308,0.03999616036860462,0.0,0.0,-0.1333333333333333,0.0,0.0,0.0,0.0,0.0,0.0,0.0,0.0,0.0,0.7999056111378856,789.50683819309,0.7260183298370793,0.4292513483408958,1.5473798237498375,0.0095667252880796,6.621736987204827,1.9863915621185848,0.5228214385147275,0.8502629065649332,0.932763990806176,1.4961482343570238,0.1542781708141959,0.0197354356745329,1.164301027525643,0.9325820317305228,0.6690458836605241,0.7793805690752175,0.9372959095318552,0.0803677075947717,0.0025216975980882,0.2710361541009179,0.5526712201590287,0.2023083982864016,2.0806545982056948,5.607323123235242,13.921348819151229,41.24341454353655,0.0155248338226308,0.0131294249221593,0.0141801900341805,0.0155484360764455,0.0095667252880796,0.0081342316497508,0.0095667252880796,0.0081342316497508,0.0308637266544867,0.0331489309526383,0.0352764435994641,0.0335549107292644,0.4117941020040436,0.4859255408812301,0.6161050186319861,0.7270166400184341,-19.483635869942272,0.3567388527852934,2.5473283288308703,1.8082122946041248,1.0249210468947163,1.1351102209412425,0.9115319678701792,0.973426965089884,1.1952433617292886,0.9242893014064288,0.0004565082375383,0.0003419334744711,0.0007177025862904,0.5314925939114714,7.999056111378857e-06,1
8.196164195156665,8.795939874432086,-0.3799494490656497,0.0,0.0,-0.07996549488949471,0.0,0.0,0.0,0.0,0.0,0.0,0.0,0.0,0.0,0.0,0.0,0.0,0.0,474.76641492385005,0.7910188187411793,0.3284384083031149,1.744647381781585,0.0128884426484166,6.402121487640111,1.9397090171091285,0.5150524932800823,0.9038615773304955,1.1663995017545103,1.0988157582331852,0.692740063328933,0.0278037877757707,1.4782489826471663,0.9784241354500468,0.5495676966891445,1.074583655005293,0.9128465316766392,0.2687774987832092,0.0025364358825058,0.5355421652592566,0.6208818927951698,0.2354707843103227,2.3526651070701887,5.764329217193208,16.95414927620927,51.205702482666645,0.0125790479325394,0.0122836644142924,0.0145337141048292,0.0155556255034692,0.0128884426484166,0.0116493681015315,0.0128884426484166,0.0116493681015315,0.030955782992635,0.0369187322258759,0.0347396565725616,0.0331992430866217,0.353543983502627,1.3586362733033024,0.3884797003012198,1.4928909468128773,-15.050071208163658,0.376780611062972,2.1237515256797983,1.8987925134552333,1.2697813780456022,1.081918651215881,1.2338485610315633,0.949595964043596,0.8841259305602325,1.019040372163507,0.0003925500054321,4.281846533657152e-05,0.0004411569185341,0.5015722993280498,0.0,1
27.19445233172,28.094355734205003,-3.5395092970830015,0.3999184166430048,0.2999394122411263,0.03999032225772661,0.0,0.0,0.0,0.0,0.0,0.0,0.0,0.0,0.0,0.0,0.0,0.0,0.599859632845914,624.45387779259,0.5238774126854316,0.4986973048306696,1.6214748165455115,0.0105026809400242,7.0261392956504105,1.963768993574284,0.529185123495464,0.7522786778010986,1.209805048256833,1.2003883710507235,0.9917827041661312,0.557070757138048,1.593979674753482,0.9678014506121724,0.57171594992843,0.5241434295047229,0.9449949008575208,0.6856164103557166,0.0029183707372444,0.3816261099235754,0.4147105753676121,0.3205167086441796,2.063408375776317,5.17870588473378,15.736315586527716,34.332126720727494,0.0126681778644301,0.0143468403087798,0.0140169991173044,0.0144516541297464,0.0105026809400242,0.0079009429309282,0.0105026809400242,0.0079009429309282,0.0318586253904634,0.0430393851632203,0.0391524667363092,0.0297535066069716,0.7990790774273612,1.4656172833619134,0.959205232093745,1.759309943358594,-17.45305900852627,0.6336929551305437,2.881934235982844,1.854917594079072,1.347742648297038,1.0637621519724,1.216299215237398,1.1655354576155843,0.8782762682318215,0.8341602917690472,0.0002208719949761,0.0004905741160396,0.0007755753648899,0.5741432936113227,9.997440655192271e-06,1
30.993987166479997,33.293647812239996,-6.799133092052001,0.19996120752573998,0.39992421436407694,-0.0599920809090493,0.0,0.0,0.0,0.0193548387096774,0.0124864081188836,0.006368249365712199,0.0,0.0,0.0,0.0,0.0,0.0,0.39990962042578376,634.85652242593,0.6774608938379926,0.4104732330493308,1.7400115311396984,0.0108986653029412,6.44057097355547,2.006556301204009,0.5584068050804015,1.1383089110420652,1.0323658715854582,1.06975720719319,0.2703290827405432,0.4915425374405252,1.1952404177887308,0.905608778863105,0.7487156049947783,1.1297697177018224,0.9685454340516506,0.6902133798520143,0.0045999564943242,0.3263702561016889,0.5753870505484325,0.2172911059875579,1.853383356183002,3.782187959124897,18.46893254990024,35.11608141012401,0.0154896396572064,0.0133367040169053,0.0152115077296978,0.0097227904895992,0.0108986653029412,0.012406047832803,0.0108986653029412,0.012406047832803,0.0301064879469257,0.0274114298610782,0.0305677467580759,0.0335406715395823,1.1773316564342404,1.064912328732115,1.2594590247272253,1.1391976386900635,-16.979991681282925,0.3715961835837907,2.275961240166524,1.6502801091232353,1.116334588076444,1.3192597639093897,1.0472364720294167,1.2737359500334635,0.8952846862335231,0.7684159047485395,0.0001394846433059,0.0001199003500478,0.0005170419579847,0.575861695019599,5.998752259530018e-06,1
45.19710738512,45.997383751055,-12.500103045939,0.3999744016382952,0.3999772013191226,-0.21999803976778531,0.0,0.0,0.0,0.0,0.0,0.0,0.0,0.0,0.0,0.0,0.0,0.0,1.1999064073002303,665.54808724919,0.6525670997662182,0.4200772339757498,1.7209841450697465,0.010991086641938,6.447403376971057,2.02281914358083,0.4144404955562151,1.2433420483277708,1.3066499814758434,1.4397242666187202,0.013863657463611,0.385534851703939,1.2148825780182266,0.920561555412178,0.6614505485460235,1.0937422807511088,0.9101664490306204,0.2277887005771011,0.004292107206968,0.456848891654633,0.5637151081575856,0.2806488603421221,1.8601423455876096,2.147480279669303,14.952369779911946,33.832011877288544,0.0163560330504933,0.0137317918406792,0.014031705728042,0.0147299498756625,0.010991086641938,0.0136656801787352,0.010991086641938,0.0136656801787352,0.0376681305184366,0.0337798705441472,0.0290320345577276,0.0324705366536221,0.9177492494112548,0.4482638016101581,1.3213058650484997,0.6453762730249044,-17.998926334201673,0.3519047930866661,2.2746250603902216,1.7452575667922443,1.1661139871200676,1.3247555181616018,0.9984940297963218,0.9064276763449918,0.8699503696124098,1.0027326754173973,0.0004347525924951,0.0002418168444349,0.0005390693353275,0.7100202523124661,1.1999064073002304e-05,1
105.96948078953001,116.166544035315,-18.29515227802401,0.3998848331680476,0.3998848331680476,-0.2399334984234584,0.0,0.0,0.0,0.0,0.0,-0.00036496350364962016,0.0,0.0,0.0,0.0,0.0,0.0,0.9996900960702184,574.02205316351,0.6786116303945777,0.4528576141396167,1.5918408723011337,0.0113546305992894,7.681058643738818,1.990155833589291,0.4441827941082838,1.04938927057941,1.2429778490756296,1.2360421174613032,0.417183921771932,0.7189938393791954,1.9149977531122773,0.9604821430089824,0.0696791114102858,0.7626996932489116,0.9495528448252876,0.9598645000053307,0.003238449229545,0.4181120742748598,0.4844808270259154,0.3301406441302706,2.4052922535355923,3.3664001421713947,13.02299454003012,36.94951156063326,0.0129914283698685,0.0118370318862505,0.0141625753046374,0.0161872419548751,0.0113546305992894,0.011915427522287,0.0113546305992894,0.011915427522287,0.0291251240615919,0.0317660519986217,0.0289920036679454,0.0324616627116818,0.4810684322245465,1.1450722726237703,0.594620843610618,1.4153575565001115,-16.597001397684082,0.7307763765907129,2.0957068665068754,1.648259808497352,1.2167276436158676,1.118405219494302,0.9963595591521516,1.1121410288342009,1.1294007203601395,0.7395986497128503,0.0002232469449409,0.0002162869281189,0.0005980430668665,0.7190507101752014,1.5995169458823437e-05,1
12.39566151846,12.895553533485,0.19977876486000018,0.199930024491428,0.19993102380178493,0.019991043744739527,0.0,0.0,0.0,0.4193548387096774,0.3440057775637939,0.10493928011743937,0.0,0.0,0.0,0.0,0.0,0.0,0.39984965652914506,587.17922061304,0.6641922637088454,0.4205078890337233,1.6402862845219404,0.0118926212781664,5.725512939088836,2.024232718826495,0.559782955234086,0.8582752300967743,1.4806106328995168,1.110944002148675,0.6373562497884666,0.315454694971646,1.409090208155086,0.9481969095981172,0.6643921376089865,0.5861807031221246,0.905507638183617,0.4407770994653015,0.0028402497758919,0.4842287782044467,0.3432447708384402,0.2401664156433148,2.2025504223897774,5.10736877863855,18.368770210646936,33.31811403771637,0.0149304481827438,0.0120536465627423,0.0139114848616375,0.0144908764936429,0.0118926212781664,0.0102071422639721,0.0118926212781664,0.0102071422639721,0.0348268375397757,0.0282876799260108,0.0364478475213024,0.034629716915407,1.4812525199014537,1.1180733400470773,1.6455886026521307,1.2421168710876365,-12.876789052236838,0.7415811532445487,2.634968022439197,1.7556233197260824,1.286833892146471,1.079939703923422,0.9444832596199992,1.0514915997720633,1.1485214585123216,0.9036239418082634,0.0002538822681652,5.335382945850992e-05,0.0007481072833533,0.7107891359669215,5.997636931049166e-06,1
