Obs: New hospitalization rate,Obs: New hospitalization rate-ave-2wk,Obs: New hospitalization rate-slope-4wk,Obs: % of incidence due to novel variant,Obs: % of incidence due to novel variant-ave-2wk,Obs: % of incidence due to novel variant-slope-4wk,Obs: Hospital occupancy rate,Obs: Cumulative vaccination rate,Max Obs: Hospital occupancy rate,If threshold passed (0:Yes) 5,If threshold passed (0:Yes) 7.5,If threshold passed (0:Yes) 10,If threshold passed (0:Yes) 15,If threshold passed (0:Yes) 20
1.4692004724044596,1.7517436229054533,-0.2373436495038346,0.0,0.0,0.0,2.034266082003526,0.5895563039645586,2.4863224014257928e-05,1,1,1,1,1
2.83065600452905,2.044365637586246,0.3302360286462265,0.0,0.0,0.0,2.987886479184653,0.7201105203482933,3.302296983430332e-05,1,1,1,1,1
0.1967055750294075,0.0983527875147037,0.0393406506779222,0.0,0.0,0.0,0.0,0.6656490591720399,1.9670441424376003e-06,1,1,1,1,1
0.1591117744304196,0.0795558872152098,-0.3500524608453773,0.0,0.0,0.0,0.1591097491316585,0.593457088896208,6.36426845120754e-06,1,1,1,1,1
3.0730039779506666,3.4438837683929884,-0.5086289766321187,0.0,0.0,0.0,5.192284053965845,0.5490289369169277,5.298226577599946e-05,0,1,1,1,1
0.726070530491332,0.968105755957834,-0.1694306328538092,0.0,0.0,0.0,1.2100911924722646,0.5860665259733974,1.4520461750683672e-05,1,1,1,1,1
0.1419148283965895,0.2838323757034059,-0.0425771070511642,0.0,0.0,0.0,0.4257396516881996,0.5807713267182852,4.257408600533028e-06,1,1,1,1,1
1.6911946260599562,1.6912175077932212,0.1352790949829803,0.0,0.0,0.0,1.3529007884029345,0.5750978316382613,3.382194773832636e-05,1,1,1,1,1
0.1847667227741614,0.1847674055540445,0.0739068256656412,0.0,0.0,0.0,0.1847633089630528,0.625778546393143,1.8476535723458e-06,1,1,1,1,1
0.9227277061296802,0.6920489724905265,0.1691639789199299,0.0,0.0,0.0,1.0765024129032656,0.505074939946544,1.2302922559253951e-05,1,1,1,1,1
0.3284777029335248,0.2189852551755028,-6.953455581940724e-07,0.0,0.0,0.0,0.2189815387613747,0.6756193619096942,5.474574433956376e-06,1,1,1,1,1
1.704383247617059,1.8109174133192167,-0.3409021137116018,0.0,0.0,0.0,2.982613493769533,0.5335171191362351,4.047841222362832e-05,1,1,1,1,1
0.1029069145214005,0.10290733811821,-0.030873112177191,0.0,0.0,0.0,0.2058114993059007,0.392304502229453,3.0871883740602086e-06,1,1,1,1,1
0.0,0.2176306981157534,0.0217628329933946,0.0,0.0,0.0,0.6528707816386622,0.4573011627628621,6.528793065551259e-06,1,1,1,1,1
0.0,0.0,0.0,0.0,0.0,0.0,0.0,0.6828739381757726,0.0,1,1,1,1,1
0.7359163998969717,0.5519420388080805,-0.1104079055844561,0.0,0.0,0.0,0.3679460149606849,0.6135757361679894,1.1038542912335572e-05,1,1,1,1,1
0.0936660225566515,0.0468330112783257,0.0280998067669954,0.0,0.0,0.0,0.0,0.6223036272594269,9.366558389251688e-07,1,1,1,1,1
0.3474260937841997,0.1737130468920998,0.1042278281352599,0.0,0.0,0.0,0.0,0.5109536216779572,3.4741402371448126e-06,1,1,1,1,1
0.4277934556157159,0.3564955630605716,0.0285171438894333,0.0,0.0,0.0,0.2851931970014787,0.5613215282362655,2.851940103553945e-06,1,1,1,1,1
0.7135072269363248,0.7135110451714115,-0.4281207548042421,0.0,0.0,0.0,1.4269915450750954,0.5602529342513646,1.4269915450750954e-05,1,1,1,1,1
7.552561494565251,10.462154857222624,-0.7552165076954247,0.0,0.0,0.0,10.40032587687,0.4838627800813949,0.0001225751174987,0,0,0,1,1
0.1273984347828302,0.1273989216973877,0.0127391617879771,0.0,0.0,0.0,0.0,0.6114957054808308,2.547945973353581e-06,1,1,1,1,1
0.0,0.0,0.0,0.0,0.0,0.0,0.0,0.5871907208717289,2.7433111216576182e-06,1,1,1,1,1
0.3635193764915654,0.2726399453278539,0.0545272457347235,0.0,0.0,0.0,0.2726373024174749,0.4813593332382132,6.361565963077471e-06,1,1,1,1,1
0.0,0.0,0.0,0.0,0.0,0.0,0.0,0.5666063745911187,1.364055500690212e-06,1,1,1,1,1
0.2231049742369531,0.1115524871184765,0.0334651114816809,0.0,0.0,0.0,0.2231034809720618,0.5973160651239061,3.346522349749513e-06,1,1,1,1,1
4.430856484558465,3.909592498019842,1.120722002502979,0.0,0.0,0.0,5.734019678112986,0.6559640320583827,5.734079458702899e-05,0,1,1,1,1
0.90811468580367,1.2486594969547602,-0.0567629406467575,0.0,0.0,0.0,1.5891952882629985,0.6786238476915236,1.929730564207812e-05,1,1,1,1,1
0.7806836558300341,0.669159906925369,0.2676630920923655,0.0,0.0,0.0,1.1152536588684414,0.4437861969515656,4.1264247317823925e-05,1,1,1,1,1
0.8246614077703264,0.9162927619562532,0.1282783545297473,0.0,0.0,0.0,0.7330236308492994,0.5763361646371075,1.8325305322493303e-05,1,1,1,1,1
0.157386378838457,0.0786931894192285,0.0472159136515371,0.0,0.0,0.0,0.1573841495275327,0.544124220161539,1.57384892624157e-06,1,1,1,1,1
0.0842174764738479,0.1684351657255546,-0.1937017066202987,0.0,0.0,0.0,0.2526505144385558,0.6268082407860462,3.3686848738469623e-06,1,1,1,1,1
0.2615644167767417,0.3923493618315101,-0.3662123513027571,0.0,0.0,0.0,0.2615562071211293,0.5374090765234996,7.846542551800259e-06,1,1,1,1,1
0.5887968776942715,0.9252532976492012,-0.0841174904809302,0.0,0.0,0.0,1.177585831287278,0.5422824809714747,2.102812385396725e-05,1,1,1,1,1
0.3518673600799442,0.1759336800399721,-6.314720324086279e-06,0.0,0.0,0.0,0.0,0.5617850620859034,3.518648838845883e-06,1,1,1,1,1
0.0,0.0,0.0,0.0,0.0,0.0,0.1072465415671508,0.5121622940464228,1.072465415671508e-06,1,1,1,1,1
3.900023739274935,3.94242036933691,0.754564785846014,0.0,0.0,0.0,5.426142987346065,0.4519824498187753,8.13917307697199e-05,0,0,1,1,1
0.4303796378785727,0.2869206847308364,-3.087182824161486e-06,0.0,0.0,0.0,0.2869156424973711,0.36453206210576,1.5780133958991735e-05,1,1,1,1,1
0.0,0.0,0.0,0.0,0.0,0.0,0.0,0.472332713267957,1.13842314733017e-06,1,1,1,1,1
0.0,0.2327253770732922,-0.1745465107038487,0.0,0.0,0.0,0.4654442549052006,0.6203987926376028,8.145236549305443e-06,1,1,1,1,1
1.0805378917625197,1.2156178986851738,-0.4322404060684746,0.0,0.0,0.0,1.3506468247643797,0.5756564818891767,1.890890231120812e-05,1,1,1,1,1
0.2061787652366107,0.1030893826183053,-0.0618561802045659,0.0,0.0,0.0,0.4123532795487206,0.6708987858257683,4.123532795487206e-06,1,1,1,1,1
0.0,0.0,0.0,0.0,0.0,0.0,0.0,0.6232217163535101,0.0,1,1,1,1,1
1.8721107647706197,1.87211201648612,0.1738344935752512,0.0,0.0,0.0,3.209294115759239,0.6554969859379429,7.087115356842944e-05,0,1,1,1,1
0.6637359039087407,0.7743634495626822,0.0663666392781028,0.0,0.0,0.0,0.6637212193886243,0.3681794348192576,1.7699036729925973e-05,1,1,1,1,1
0.777185965057719,0.7124221458061142,-0.1683979099042062,0.0,0.0,0.0,0.6476507763389856,0.595174224535343,1.2952830970736964e-05,1,1,1,1,1
1.7500457398318363,1.1136673691602106,0.2386369057489396,0.0,0.0,0.0,1.9091316950862127,0.6841627980234123,2.545456280992919e-05,1,1,1,1,1
1.6081122370449328,1.9527182717126457,-0.5054162028469622,0.0,0.0,0.0,3.445907295904654,0.4853859071580683,3.445907295904654e-05,1,1,1,1,1
2.364153522219349,2.881322148397251,-1.802670619456976,0.0,0.0,0.0,5.467105020132244,0.5944915222932289,0.0001078635481788,0,0,0,1,1
0.2830507778943004,0.4245769680211469,-1.6424379371488762e-06,0.0,0.0,0.0,0.4245671537867144,0.3932666479857119,4.2457135983130365e-06,1,1,1,1,1
1.7776418869313102,1.111026574334106,0.1244310531360555,0.0,0.0,0.0,2.0442718170465604,0.6244619343255459,2.0442718170465603e-05,1,1,1,1,1
0.30262130575041,0.151310652875205,-0.0907979314949723,0.0,0.0,0.0,0.6052316221417937,0.6563494849478896,9.078117198493032e-06,1,1,1,1,1
0.0,0.0503683944369115,-0.0604427329442242,0.0,0.0,0.0,0.0,0.6006078365993386,1.0073496228483013e-06,1,1,1,1,1
1.4259410765498644,1.559626825232593,-0.1604211192675664,0.0,0.0,0.0,1.6041665552662114,0.5645151228345979,2.5845043811805303e-05,1,1,1,1,1
0.0995333874794961,0.049766693739748,0.0298600162438488,0.0,0.0,0.0,0.099532594934189,0.5077486125156266,9.953289213720012e-07,1,1,1,1,1
1.3753339152053743,1.692717601575663,-0.4760880597458259,0.0,0.0,0.0,2.4332727836323262,0.4223537365019482,2.433272783632326e-05,1,1,1,1,1
0.0,0.1119590140441387,-0.1119617216200019,0.0,0.0,0.0,0.223910507448383,0.4797752834147248,8.95615959876405e-06,1,1,1,1,1
0.3216364864430221,0.3216371761128425,-0.0964940494841433,0.0,0.0,0.0,0.7504778936015326,0.5915213151803452,7.504786981982079e-06,1,1,1,1,1
0.0,0.0,-0.3396918759448724,0.0,0.0,0.0,0.1787757437070938,0.5596592534324942,1.9664874779440552e-05,1,1,1,1,1
1.550168290144999,1.5501705429844166,-0.1065825745029789,0.0,0.0,0.0,3.2941012335440267,0.4750481520092079,3.778516903050038e-05,1,1,1,1,1
0.3950674511828319,0.5926022172989283,-0.1580297378838844,0.0,0.0,0.0,1.0535007170389254,0.4883226029895716,1.3168845671663805e-05,1,1,1,1,1
3.750021722686808,3.795757208495441,-0.2743976558844972,0.0,0.0,0.0,8.323142818728352,0.5083876243097966,8.323142818728351e-05,0,0,1,1,1
0.4830630059078605,0.5635755811269099,0.1288151421465718,0.0,0.0,0.0,0.3220368184694556,0.6156764302862746,4.83060672420456e-06,1,1,1,1,1
0.0,0.1551359301019553,-0.0930854089400825,0.0,0.0,0.0,0.6205109908009245,0.4670958534353039,1.551243787268632e-05,1,1,1,1,1
2.922566597986352,3.65320824748294,-2.6668831265575443,0.0,0.0,0.0,4.38365772400491,0.5839726167514174,5.8450050778481617e-05,0,1,1,1,1
0.0,0.043303728017945,-0.0779473555104232,0.0,0.0,0.0,0.0,0.6910544954431961,2.598171926232703e-06,1,1,1,1,1
0.2429602274107728,0.2429608177103622,-0.2915659092398442,0.0,0.0,0.0,0.4859098297129002,0.5313958488723247,4.859121908079991e-06,1,1,1,1,1
0.0,0.0,-0.0948081852650742,0.0,0.0,0.0,0.2370072619025047,0.5993771449157203,7.109897688572262e-06,1,1,1,1,1
3.2717775649304706,3.476266673392172,-0.2044915839066126,0.0,0.0,0.0,4.007937351849458,0.5974902132713439,5.480222938740923e-05,0,1,1,1,1
9.41133447344928,10.08358711109464,0.5376997962492099,0.0,0.0,0.0,11.83123284135,0.5247313100132563,0.0001425141102413,0,0,0,1,1
0.2218219568245743,0.1109109784122871,0.0221818020391204,0.0,0.0,0.0,0.1109097483014172,0.5609992524682964,3.327321971637908e-06,1,1,1,1,1
0.0837880932092264,0.0418940466046132,-0.1005476073996922,0.0,0.0,0.0,0.0837873911706523,0.576622312414694,8.37877421884688e-07,1,1,1,1,1
6.540449449996649,6.298210581478255,0.5975186825185052,0.0,0.0,0.0,7.913168319549886,0.5852845752970264,9.04362093662844e-05,0,0,1,1,1
7.483829582509221,7.911503733932385,-0.4918106091616576,0.0,0.0,0.0,8.125144328221621,0.502065497216069,0.000128290381001,0,0,0,1,1
0.0,0.0,-0.0980280033329521,0.0,0.0,0.0,0.0,0.714773028024741,0.0,1,1,1,1,1
0.1716735250239913,0.4291873492123107,-0.2231850138048451,0.0,0.0,0.0,1.030030540405523,0.4956695799363784,1.2016857934988798e-05,1,1,1,1,1
0.1703670387482792,0.1703680546328706,-0.0340754685672554,0.0,0.0,0.0,0.1703635558281372,0.6982895498994856,3.4073117502849364e-06,1,1,1,1,1
2.3846815687007683,2.623153820011014,-0.1144693829725523,0.0,0.0,0.0,2.861587856947316,0.7269520560031821,3.910859120361936e-05,1,1,1,1,1
2.021439386129287,2.1225180977350053,-0.2425767921408044,0.0,0.0,0.0,4.143933988142285,0.5499566403004655,5.457864277065448e-05,0,1,1,1,1
0.0,0.0,-0.0447476345283377,0.0,0.0,0.0,0.1118660828748688,0.688935102010681,1.1186608287486884e-06,1,1,1,1,1
12.68795589567,10.573349189603276,2.711709264979586,0.0,0.0,0.0,17.663405156219998,0.4634977025134279,0.000184097920191,0,0,0,0,1
0.0,0.3996040494732648,-0.0799221395150389,0.0,0.0,0.0,0.4566830425594344,0.5425691389583744,5.708570619585421e-06,1,1,1,1,1
6.296743342080781,6.47411639397038,0.8868708044657282,0.0,0.0,0.0,10.2875822674,0.5401743390450109,0.0002270415335236,0,0,0,0,0
1.238047681343034,0.7565856403100045,0.1100446710522685,0.0,0.0,0.0,1.1004777449010053,0.5499417434593793,1.9258175095327967e-05,1,1,1,1,1
2.8854546634958727,2.524775432392837,-0.3847609396067871,0.0,0.0,0.0,3.847198878541527,0.6011536787637026,3.847198878541527e-05,1,1,1,1,1
0.3314182879925497,0.2485642651884606,-1.5240261456246506e-06,0.0,0.0,0.0,0.5799771986107061,0.4558131943155606,7.4567940922306e-06,1,1,1,1,1
4.38056667575752,4.945816660755197,-0.1695815850368372,0.0,0.0,0.0,4.5218624986399085,0.6105291568280831,6.358878124328785e-05,0,1,1,1,1
0.0,0.0,-0.0863064093345444,0.0,0.0,0.0,0.0,0.5766486509811537,0.0,1,1,1,1,1
0.5799202609641174,0.4349422976754938,0.0434906353928836,0.0,0.0,0.0,0.1449775429785926,0.7292616873646273,7.248940204942038e-06,1,1,1,1,1
0.6955683024887434,0.5796418648027152,-0.1159366518051198,0.0,0.0,0.0,1.622958839445319,0.6086489795066669,1.622958839445319e-05,1,1,1,1,1
6.636757015052165,6.330451303709838,1.010829593647245,0.0,0.0,0.0,10.10825017,0.3760146538996404,0.0001603064814871,0,0,0,0,1
0.5592919364085068,0.2796459682042534,0.0559243449089896,0.0,0.0,0.0,0.5592778604266172,0.4954558673840337,5.592825523418558e-06,1,1,1,1,1
0.3171354633560543,0.2114236981123742,0.0739980177560731,0.0,0.0,0.0,0.3171294289767502,0.6622370732759258,4.228437085084611e-06,1,1,1,1,1
1.2046276977637291,1.1443976188937903,0.0602276119150113,0.0,0.0,0.0,2.168314183906772,0.5173031471875761,4.336581352459263e-05,1,1,1,1,1
0.4222209837073367,0.548888134520389,-0.2786697854970609,0.0,0.0,0.0,1.013320948299521,0.4517334121471849,1.0133209482995208e-05,1,1,1,1,1
0.7114045259555941,0.355702262977797,0.1778507519125483,0.0,0.0,0.0,1.0670650376140427,0.5202440022052678,1.0670650376140426e-05,1,1,1,1,1
0.0848590279398349,0.1697183799279528,0.0169715679504695,0.0,0.0,0.0,0.2545751395496056,0.3597825588874727,7.637169936365403e-06,1,1,1,1,1
3.4175546968949377,3.844730784662559,0.2135819300663959,0.0,0.0,0.0,6.621314224078089,0.7000010679539072,6.834992598984576e-05,0,1,1,1,1
2.3196892647358265,1.8042160480519132,0.1288527586379248,0.0,0.0,0.0,3.6083125211021847,0.4926094027469567,7.474207540702215e-05,0,1,1,1,1
3.362517180361219,3.4676071046742005,0.1050766744036799,0.0,0.0,0.0,3.572614439246641,0.642753266840674,7.1450336762249e-05,0,1,1,1,1
1.1301414372008656,1.3561750890000197,-0.0113027937739269,0.0,0.0,0.0,1.6951987451008754,0.6335952227039098,1.9212317581869905e-05,1,1,1,1,1
2.987830096255305,2.358821394495911,0.2358616633872198,0.0,0.0,0.0,5.032024115975576,0.7320777384825616,5.032024115975576e-05,0,1,1,1,1
0.0,0.0,0.0,0.0,0.0,0.0,0.0,0.7029635588669753,0.0,1,1,1,1,1
0.0,0.2386631047524188,-0.0159116584438846,0.0,0.0,0.0,0.0,0.6350277398137526,3.1821240996577624e-06,1,1,1,1,1
4.344564208420401,4.026661406370181,0.0423844202831359,0.0,0.0,0.0,5.722115020869825,0.5540586220087379,6.251920611204714e-05,0,1,1,1,1
0.7260301157292004,1.2100583926016053,0.1936017051091236,0.0,0.0,0.0,1.9360475106059103,0.5907171361985223,1.9360475106059103e-05,1,1,1,1,1
0.4257311933245349,0.3547774041503859,0.0851449900437739,0.0,0.0,0.0,0.0,0.619945422267885,2.8381837894294683e-06,1,1,1,1,1
1.6910745087428551,1.6910859478295863,0.2705591092085032,0.0,0.0,0.0,3.382091823793016,0.5881592965249006,3.720200349698833e-05,1,1,1,1,1
0.0,0.0,-0.0739059380666793,0.0,0.0,0.0,0.0,0.639731952324909,1.8475921255623609e-06,1,1,1,1,1
0.7689184700367852,0.6920285149987082,0.0615097409224351,0.0,0.0,0.0,0.6151196407701298,0.5308451743864182,9.226851367726934e-06,1,1,1,1,1
0.1094892109331546,0.1094896904528472,0.0218976264010629,0.0,0.0,0.0,0.0,0.7027834286252346,1.0948897117593345e-06,1,1,1,1,1
1.9173412867490407,1.917355583286279,0.1491114761750093,0.0,0.0,0.0,2.982486413709212,0.5677674171880692,2.982486413709212e-05,1,1,1,1,1
0.102905220176009,0.1029053260710704,-3.494564812130307e-07,0.0,0.0,0.0,0.2058091696217433,0.3948685599738211,2.058091696217433e-06,1,1,1,1,1
0.0,0.0,-0.1523382206989806,0.0,0.0,0.0,0.0,0.4594217595292602,4.352102500718097e-06,1,1,1,1,1
0.0,0.0,0.0,0.0,0.0,0.0,0.0,0.7000980487025743,0.0,1,1,1,1,1
0.7358649540636302,0.3679324770318151,0.0735794555996648,0.0,0.0,0.0,0.3679148792135452,0.6246973900118469,7.358460021486703e-06,1,1,1,1,1
0.0,0.0,-0.0374661458254124,0.0,0.0,0.0,0.0,0.6594239888802823,0.0,1,1,1,1,1
0.0,0.0,0.0,0.0,0.0,0.0,0.0,0.514886772986699,3.473705784067501e-06,1,1,1,1,1
0.0,0.0712981975815651,-0.1853760863970716,0.0,0.0,0.0,0.1425937518269824,0.5947884835582274,1.4259375182698244e-06,1,1,1,1,1
0.7134868638149786,0.4459292898843616,-0.3210782838319687,0.0,0.0,0.0,0.3567357961183578,0.5769880439997931,8.918172202770698e-06,1,1,1,1,1
2.2286357406313724,2.042918395036889,-1.151464282738485,0.0,0.0,0.0,3.714383703265315,0.5209187899528397,4.581067562079656e-05,1,1,1,1,1
0.0,0.0,0.0,0.0,0.0,0.0,0.0,0.6230309731976676,1.2739080696980582e-06,1,1,1,1,1
0.0,0.0,-0.0274335627693632,0.0,0.0,0.0,0.0,0.6394771492840292,0.0,1,1,1,1,1
0.0,0.0454393852232936,-3.3035923752284316e-08,0.0,0.0,0.0,0.0908775316208371,0.4956905874505399,1.8175374185516043e-06,1,1,1,1,1
0.1364062943320456,0.0682031471660228,0.0409218882996136,0.0,0.0,0.0,0.0,0.6049785026026037,1.364055500690212e-06,1,1,1,1,1
0.5577524806041575,0.3904269852937291,0.1003943514649298,0.0,0.0,0.0,0.6692992436918547,0.6221961939183008,1.115478830442756e-05,1,1,1,1,1
3.648778962183013,3.648807491746108,0.18238331345713,0.0,0.0,0.0,7.81868979608857,0.6989648054709978,7.81868979608857e-05,0,0,1,1,1
0.7945886244422271,0.6243214374220325,-0.0567602989881289,0.0,0.0,0.0,0.454047034732328,0.7397708878662741,9.080930386722772e-06,1,1,1,1,1
4.5725400013606095,3.401518684408046,1.148708781050828,0.0,0.0,0.0,5.799306090721221,0.4518819305889976,9.92591254267306e-05,0,0,1,1,1
1.5576609430262605,1.4660369770680497,0.2290635879147312,0.0,0.0,0.0,1.6492759678501137,0.6120582231067229,2.473898084561501e-05,1,1,1,1,1
0.0,0.0786918270668408,-0.0314771023738789,0.0,0.0,0.0,0.0,0.5576973317679201,0.0,1,1,1,1,1
0.0,0.0,-0.0505302731077044,0.0,0.0,0.0,0.0,0.6806223550961114,0.0,1,1,1,1,1
0.2615500502176097,0.2615507343054758,-0.1307828923624312,0.0,0.0,0.0,0.5230864191073007,0.5556485486967302,1.5691976953716512e-05,1,1,1,1,1
1.4299172330260412,1.135523569826105,0.2018687084133083,0.0,0.0,0.0,1.766352003674012,0.5447707148931231,2.4392233849187023e-05,1,1,1,1,1
0.3518487894642398,0.1759243947321199,0.1055546368392719,0.0,0.0,0.0,0.3518401238477235,0.5892723946238829,7.036629173160889e-06,1,1,1,1,1
0.0,0.0536231557656153,-0.0214495728570697,0.0,0.0,0.0,0.0,0.5139626939382208,3.2172823830196124e-06,1,1,1,1,1
5.426106183811043,4.620675016501042,0.389992705817192,0.0,0.0,0.0,7.800073931135522,0.4558431032085434,0.0001059797146347,0,0,0,1,1
0.7172788163178061,1.1476472379856943,0.2582182129701013,0.0,0.0,0.0,1.1476247037693734,0.36564470686796,2.58213335858086e-05,1,1,1,1,1
0.0,0.0,-0.0113843092342685,0.0,0.0,0.0,0.1138394635884475,0.4963457532188108,1.1383946358844755e-06,1,1,1,1,1
0.3490815663988048,0.3490825818875462,0.0232715222119705,0.0,0.0,0.0,0.5817938099465797,0.6505048224888906,1.2799404245911463e-05,1,1,1,1,1
0.5402485143165856,0.8103786089070961,-0.2701354943690568,0.0,0.0,0.0,1.890818724507712,0.6267010615596553,1.890818724507712e-05,1,1,1,1,1
0.2061740892775041,0.2061743018167178,-0.0412365606991383,0.0,0.0,0.0,0.2061715388437487,0.6923157805757546,2.0617238898132285e-06,1,1,1,1,1
0.0,0.0,0.0,0.0,0.0,0.0,0.0,0.6627713589945159,9.3696914841685e-07,1,1,1,1,1
6.418528151263313,5.2819276489036575,1.19009120512101,0.0,0.0,0.0,12.16842707702,0.7050400020325285,0.0001858736059479,0,0,0,0,1
0.663713877372224,0.8849555074882554,0.1106166300979468,0.0,0.0,0.0,1.1061726647035788,0.3756208394080649,1.5486554352274863e-05,1,1,1,1,1
1.0362264776589571,1.036231846541156,0.0518061730682322,0.0,0.0,0.0,0.7771638183612724,0.6175499133462342,2.4609868816446647e-05,1,1,1,1,1
1.2727281404964594,1.670473781333886,-0.0636462781217205,0.0,0.0,0.0,5.090855868325013,0.7337402836243075,8.59081927779846e-05,0,0,1,1,1
1.378343919780384,1.2634872038248486,-0.5283839040743089,0.0,0.0,0.0,2.9863432227237747,0.5161296991833499,2.9863432227237747e-05,1,1,1,1,1
9.604331110053812,8.20065130798359,1.9799655406789196,0.0,0.0,0.0,15.66249394186,0.597822617823327,0.0002260728486508,0,0,0,0,0
0.4245605444564422,0.3538014551188762,0.0990630254723761,0.0,0.0,0.0,0.4245515320649621,0.4022102152759302,4.245515320649621e-06,1,1,1,1,1
0.5332849821616173,0.7110490128353968,-0.1155477259272503,0.0,0.0,0.0,1.0665633285308358,0.6613030381945216,1.155438471123815e-05,1,1,1,1,1
0.3026075694257416,0.3026098587439067,0.0302581928513604,0.0,0.0,0.0,1.2103936502749106,0.6704430948555243,3.3284818189245374e-05,1,1,1,1,1
0.0,0.0503675318801293,0.0100735063760258,0.0,0.0,0.0,0.0,0.6499185561932047,0.0,1,1,1,1,1
1.871505965202466,1.6487120837023983,0.3297366505721359,0.0,0.0,0.0,1.5150137866254585,0.6126617722809513,2.04973549500221e-05,1,1,1,1,1
0.1990638029347976,0.0995319014673988,0.0597191408804392,0.0,0.0,0.0,0.0,0.5199490400214988,0.0,1,1,1,1,1
1.4811225639501118,1.586917032803691,-0.1904294395437213,0.0,0.0,0.0,1.3753193650256283,0.4513047020053214,2.5390269602346062e-05,1,1,1,1,1
0.8956299973355007,0.671723500697481,0.2462969457357088,0.0,0.0,0.0,0.8955999176048076,0.4844255174328524,1.7911276491897386e-05,1,1,1,1,1
0.214420646135175,0.2680263249030342,-0.0428852096777871,0.0,0.0,0.0,0.1072097483679996,0.6073539454795546,3.2162993474128624e-06,1,1,1,1,1
1.787725476875771,1.3407989016518214,0.4469274060985186,0.0,0.0,0.0,1.4301522575847232,0.5746834447362352,1.9664874779440552e-05,1,1,1,1,1
2.131464878303044,1.9376978783169156,-0.2325290169782284,0.0,0.0,0.0,3.48785499824154,0.4840270773809697,3.48785499824154e-05,1,1,1,1,1
0.7901192948448665,0.5267468902207872,0.171191664146193,0.0,0.0,0.0,0.526739953752232,0.4902895489525776,9.218034162034604e-06,1,1,1,1,1
4.664609970009302,4.573147029420884,-0.2926946608791769,0.0,0.0,0.0,7.49998170736169,0.5167652030116999,0.0001006091426271,0,0,0,1,1
0.1610155573231485,0.0805077786615742,-1.4000451010458346e-06,0.0,0.0,0.0,0.0,0.6605062610395402,1.610145202894397e-06,1,1,1,1,1
0.3102487574537264,0.7756295940731983,0.0620467674891494,0.0,0.0,0.0,1.8614405688562377,0.4801368779298299,2.7920136002084703e-05,1,1,1,1,1
2.191820855175437,2.557129668922689,0.5114195282000737,0.0,0.0,0.0,5.479371990911549,0.6142339472665239,7.305509084400547e-05,0,1,1,1,1
0.0866057308744234,0.1299091213535015,0.0259816592569706,0.0,0.0,0.0,0.2598156175167689,0.7051647014502042,5.196244847057193e-06,1,1,1,1,1
0.4858968440999976,0.2429484220499988,0.0728822246087994,0.0,0.0,0.0,0.0,0.5829191143244464,2.4294547088905893e-06,1,1,1,1,1
0.7109981940645871,0.4740010428342436,0.1658969947333179,0.0,0.0,0.0,0.7109830288351017,0.6081938424129816,7.109897688572262e-06,1,1,1,1,1
2.290244295451329,2.331143455211913,-0.13905043946622,0.0,0.0,0.0,3.844329205450768,0.6533985506060953,3.844329205450768e-05,1,1,1,1,1
2.6888659438995006,2.4199967017896524,-1.1024897696777018,0.0,0.0,0.0,4.570900037104953,0.557356729171484,0.0001236821798177,0,0,0,1,1
0.221816790421951,0.2772719105829643,0.0887267653708413,0.0,0.0,0.0,0.2218145763230684,0.5787685741980848,3.3272370955881946e-06,1,1,1,1,1
0.0837865487398922,0.0418932743699461,0.0251359646219676,0.0,0.0,0.0,0.083785916927939,0.5975619973892309,8.378633813484908e-07,1,1,1,1,1
4.441063852808609,5.329274113166231,-0.4198842523143815,0.0,0.0,0.0,7.4286886265162195,0.5894785545063879,0.000115468126356,0,0,0,1,1
11.11859478067,10.049470326138357,1.7746770658651303,0.0,0.0,0.0,12.82890094805,0.5159206660765372,0.000128290381001,0,0,0,1,1
0.0,0.0,0.0,0.0,0.0,0.0,0.0,0.7601308193197003,0.0,1,1,1,1,1
0.0,0.2575040986069028,-0.1545060840860077,0.0,0.0,0.0,0.3433323147807995,0.54463148425993,3.433334935556304e-06,1,1,1,1,1
0.0,0.0,0.0,0.0,0.0,0.0,0.0,0.7378359270521896,1.7035484915078108e-06,1,1,1,1,1
2.098491756742836,1.573869818392594,-0.1430850612534443,0.0,0.0,0.0,2.480019153378692,0.7408875988549942,2.670769477301798e-05,1,1,1,1,1
2.223574335100738,3.5880379015818367,-0.0505391310223395,0.0,0.0,0.0,3.9417868827439686,0.5573747295075091,5.053552495797971e-05,0,1,1,1,1
0.0,0.0,-0.0335600876589489,0.0,0.0,0.0,0.0,0.7024269759450171,0.0,1,1,1,1,1
2.736597513676768,4.478060922227975,-5.000517924533053,0.0,0.0,0.0,7.960971338015379,0.465435701473526,0.0001144392476863,0,0,0,1,1
0.114169978547461,0.1712554892149327,-0.0228348299465321,0.0,0.0,0.0,0.0,0.5536311835040342,2.283381322397459e-06,1,1,1,1,1
19.77721806378,17.471266651395,3.618442891912951,0.0,0.0,0.0,25.54264824048,0.5797586929259281,0.000346795687671,0,0,0,0,0
0.4126751806141707,0.8253520642410737,0.1238012485229618,0.0,0.0,0.0,1.2380102149598404,0.5505857851667119,1.7882000803314496e-05,1,1,1,1,1
2.1640233522164407,2.16402855557154,-0.096199745113287,0.0,0.0,0.0,1.923548562387893,0.607564835608731,4.568394882435964e-05,1,1,1,1,1
0.0,0.1657074964414315,-0.1077103532210069,0.0,0.0,0.0,0.4142646222983732,0.4612571439934115,4.1426496552901225e-06,1,1,1,1,1
2.5435224960434093,2.967452496559171,0.1130365585731762,0.0,0.0,0.0,5.934869051353575,0.6335698802569516,5.934869051353574e-05,0,1,1,1,1
0.0,0.0,0.0,0.0,0.0,0.0,0.0,0.5952108184844542,2.157436792495572e-06,1,1,1,1,1
0.1449743902739581,0.1449750208066578,-0.0144992676092475,0.0,0.0,0.0,0.2899441567554089,0.758817201806932,2.899441567554089e-06,1,1,1,1,1
0.2318480375222864,0.2318485750599039,-0.2782259232586013,0.0,0.0,0.0,0.0,0.6181444283700571,6.954925130230973e-06,1,1,1,1,1
15.11155492794,12.150469471554304,2.0217366679137894,0.0,0.0,0.0,21.85093780344,0.3773646747937179,0.0002185093780344,0,0,0,0,0
0.0,0.0,-0.0559277860426616,0.0,0.0,0.0,0.2796303287054513,0.5008123261048893,1.3981047292290573e-05,1,1,1,1,1
0.105709586168112,0.1585646027429727,0.0317128758504336,0.0,0.0,0.0,0.0,0.6848537894860354,4.228258295842776e-06,1,1,1,1,1
3.8547529103384472,3.613834916492708,0.7468503082318848,0.0,0.0,0.0,5.902554842564407,0.5361965141197544,0.0001578014761063,0,0,0,0,1
0.5911003924906607,0.3799934659900668,0.0337756464500462,0.0,0.0,0.0,0.6755358899552035,0.4528125514568353,9.288673391666204e-06,1,1,1,1,1
0.0,0.0,-0.2489863967183225,0.0,0.0,0.0,0.3556579850552515,0.5228385775103229,3.556579850552515e-06,1,1,1,1,1
0.6788630062939087,0.4667187488800737,0.0933425112164957,0.0,0.0,0.0,0.678858397775381,0.3631213569700513,7.637169936365403e-06,1,1,1,1,1
0.4271770007902774,0.9611498484831972,-0.491268833964315,0.0,0.0,0.0,2.562979891286936,0.7092918700142031,2.776490388003853e-05,1,1,1,1,1
7.474284594983983,5.927892178289424,1.520609854200732,0.0,0.0,0.0,6.700944575456502,0.4978595636654166,0.0001572108222899,0,0,0,0,1
5.884231939610968,5.463961456332525,0.8405838938327066,0.0,0.0,0.0,6.51457583806866,0.6761814498503749,7.775265409735473e-05,0,0,1,1,1
1.2431359120492644,1.2996443888001346,0.1130086517779385,0.0,0.0,0.0,2.034217803700242,0.6669352587581552,3.9553922166922073e-05,1,1,1,1,1
3.773976544735776,3.852610328848858,0.0314231974627241,0.0,0.0,0.0,4.245616793773095,0.7377875619152449,7.390448395800967e-05,0,1,1,1,1
0.0,0.0,0.0,0.0,0.0,0.0,0.0,0.7296833757518302,1.966827487594236e-06,1,1,1,1,1
0.1591011421870997,0.0795505710935498,0.0477303426561299,0.0,0.0,0.0,0.1590996234111913,0.6671094939518278,3.1819367812800294e-06,1,1,1,1,1
3.0729779275413,3.9206985029400334,-0.4344563759298249,0.0,0.0,0.0,4.132621109640557,0.5560049633839174,5.510132285560487e-05,0,1,1,1,1
1.21000919606989,0.8470081942083841,-0.1210127499951509,0.0,0.0,0.0,1.6939677807328106,0.5923805329222638,2.177900600616588e-05,1,1,1,1,1
0.0,0.0,-0.042572756841442,0.0,0.0,0.0,0.1419027455343205,0.6483096544951952,2.838026720021569e-06,1,1,1,1,1
1.6909944400102812,1.8600973153775493,-0.5073408823440575,0.0,0.0,0.0,4.39652606801764,0.5956616433538053,5.749206102274995e-05,0,1,1,1,1
0.0,0.0923782408596349,-2.048120156289361e-07,0.0,0.0,0.0,0.0,0.6477284904022023,3.6949589674806655e-06,1,1,1,1,1
0.3075565096641944,0.3844463465149748,-0.0153801902993234,0.0,0.0,0.0,1.2302109042819027,0.5467257167900722,1.2302109042819028e-05,1,1,1,1,1
0.0,0.0547442458323205,-4.795112922461711e-08,0.0,0.0,0.0,0.1094859742992623,0.7207122281600116,5.474196825841713e-06,1,1,1,1,1
0.4260658569995164,1.0651682731565502,-0.4260774298909953,0.0,0.0,0.0,1.27816489605324,0.5922164018380012,1.4911669659651792e-05,1,1,1,1,1
0.2058076871229217,0.1029038435614608,-0.0102910938396864,0.0,0.0,0.0,0.2058055693045109,0.3958330546382915,3.0870581262174588e-06,1,1,1,1,1
0.2176065456048918,0.3264112389948723,0.0652810165963193,0.0,0.0,0.0,0.6528111134563954,0.4600729842824844,1.9583949865088347e-05,1,1,1,1,1
0.0,0.0582924508944393,0.0116584901788878,0.0,0.0,0.0,0.0,0.7092328228923177,1.1658286301863343e-06,1,1,1,1,1
0.3678986365676528,0.1839493182838264,-7.309352004730435e-06,0.0,0.0,0.0,0.0,0.6300353902864332,1.1035659895676228e-05,1,1,1,1,1
0.0,0.0,0.0,0.0,0.0,0.0,0.0,0.6877253156174807,0.0,1,1,1,1,1
0.0,0.0,-0.1389508860736891,0.0,0.0,0.0,0.6947146112377036,0.5163049519257489,6.947146112377036e-06,1,1,1,1,1
0.0,0.0,-0.128335840635405,0.0,0.0,0.0,0.0,0.6184044670815105,2.851757110143415e-06,1,1,1,1,1
0.1783634440554139,0.5350958996014344,-0.053514537177088,0.0,0.0,0.0,0.8917885890299303,0.584440786129477,8.917885890299303e-06,1,1,1,1,1
3.342908082408875,3.219100504275117,0.2352314091539022,0.0,0.0,0.0,6.809636006383725,0.5447126890757343,0.0001077152602809,0,0,0,1,1
0.1273919429691749,0.0636959714845874,0.0382175828907525,0.0,0.0,0.0,0.0,0.6282920801538873,1.2739080696980582e-06,1,1,1,1,1
0.0,0.0,0.0,0.0,0.0,0.0,0.0,0.6838755866677273,0.0,1,1,1,1,1
0.0,0.0908773664466222,-0.0090879100783759,0.0,0.0,0.0,0.0908762102439299,0.5048182566671332,1.8174994297595536e-06,1,1,1,1,1
0.0,0.0,0.0,0.0,0.0,0.0,0.0,0.6365332704067088,1.3639978230594744e-06,1,1,1,1,1
0.892388041554049,0.7808410295347368,0.2007856295071537,0.0,0.0,0.0,1.5616651366066578,0.6390356048496395,2.007846216827313e-05,1,1,1,1,1
6.515523887213675,5.603362769258329,0.2345227919422361,0.0,0.0,0.0,9.642950221527236,0.7373833724263748,0.0001016408481537,0,0,0,1,1
0.454044973154591,0.3405341164113301,0.068106333657027,0.0,0.0,0.0,0.681060502009696,0.7842468435683484,6.81060502009696e-06,1,1,1,1,1
9.479782968733444,8.02991546250758,1.3048964832829824,0.0,0.0,0.0,9.591331221009922,0.4553350664645795,0.0001215652247618,0,0,0,1,1
1.6492623674061777,1.8325155885244413,0.201572498596233,0.0,0.0,0.0,1.557632398753894,0.6392578339747114,3.8482577013257245e-05,1,1,1,1,1
0.0,0.0,0.0,0.0,0.0,0.0,0.0,0.5641627703120599,0.0,1,1,1,1,1
0.0,0.0,0.0,0.0,0.0,0.0,0.0842147104571932,0.7245926323918409,8.421471045719325e-07,1,1,1,1,1
1.5692182154850454,1.6999959763871226,0.3661436661318318,0.0,0.0,0.0,1.8307114929452224,0.5652243275404392,2.353673430426721e-05,1,1,1,1,1
1.0934449656532117,1.4719513718369894,-0.0252399107780557,0.0,0.0,0.0,3.1961861088705104,0.5523615189285711,3.19618610887051e-05,1,1,1,1,1
0.0,0.0,-0.2111055598272138,0.0,0.0,0.0,0.0,0.6067877824138247,1.055416396949143e-05,1,1,1,1,1
0.3217292733958847,0.1608646366979423,0.0857943348908259,0.0,0.0,0.0,0.1072421710534076,0.5144664326642494,5.362039548258892e-06,1,1,1,1,1
7.46097823598735,7.164220227173607,0.4663287149767494,0.0,0.0,0.0,11.61535702809,0.4672892045854377,0.000196704520982,0,0,0,0,1
2.58213335858086,2.653863195121822,0.6024928859256594,0.0,0.0,0.0,4.733877203225348,0.3661108903562314,0.000127669768516,0,0,0,1,1
0.1138384268440117,0.0569192134220058,-0.0113846461693055,0.0,0.0,0.0,0.0,0.5110228242927884,1.138379084788751e-06,1,1,1,1,1
0.4654290907144569,0.5817892066093593,-0.0581831178529476,0.0,0.0,0.0,0.6981403867232315,0.6699832213593724,1.7453347202926576e-05,1,1,1,1,1
1.0804415764723043,1.3505672924013332,0.0269985628305252,0.0,0.0,0.0,1.3504972530885873,0.6693820664768768,2.160748915574138e-05,1,1,1,1,1
0.2061677133114245,0.2061681383644373,-0.0206188541279741,0.0,0.0,0.0,0.0,0.7033369618102802,2.061655880770317e-06,1,1,1,1,1
0.0936964758881488,0.0468482379440744,0.0187392161656971,0.0,0.0,0.0,0.0936951590522172,0.6947289914371995,1.8738750893604184e-06,1,1,1,1,1
11.36637158674,13.305259318295,0.3745046565660007,0.0,0.0,0.0,14.84328301326,0.74235136324188,0.0001684908700681,0,0,0,0,1
0.8849283429274314,0.8849303006815241,0.0442410332375074,0.0,0.0,0.0,1.7698018706805774,0.3792508428681409,2.433386056697895e-05,1,1,1,1,1
2.3314703158494647,2.00766044676987,0.544006686899877,0.0,0.0,0.0,1.942884380245788,0.6333297929662405,4.921910011942108e-05,1,1,1,1,1
6.363569835406266,6.045386787953332,0.5408982728822693,0.0,0.0,0.0,11.93169344138,0.7714126170499127,0.0001320436539501,0,0,0,1,1
2.9862540429285502,2.986278052542491,0.4134556828728559,0.0,0.0,0.0,3.215936342837191,0.536404399400917,3.215936342837191e-05,1,1,1,1,1
10.34320222585,12.928991319995,-1.773060778077001,0.0,0.0,0.0,15.51498673838,0.5988341595679446,0.0001891353558995,0,0,0,0,1
0.1415153749379101,0.1415157754722042,-0.0283049174779845,0.0,0.0,0.0,0.0,0.4061572206891672,1.4151397308970288e-06,1,1,1,1,1
0.7110371632461335,0.7110381111996252,0.0355499464438112,0.0,0.0,0.0,1.3331816468881763,0.6878808455571277,1.3331816468881765e-05,1,1,1,1,1
3.631093049785312,2.118141274873744,0.9380246797050776,0.0,0.0,0.0,3.3284314615445134,0.6782617115399745,3.3284818189245374e-05,1,1,1,1,1
0.0,0.0,0.0,0.0,0.0,0.0,0.0,0.6902763087647195,0.0,1,1,1,1,1
0.7129419460285122,0.6683844642530518,-0.035650607699467,0.0,0.0,0.0,0.8020525415708287,0.6521515950597128,8.911694906342543e-06,1,1,1,1,1
0.0,0.0,0.0,0.0,0.0,0.0,0.0,0.5257776490529268,0.0,1,1,1,1,1
2.221653290903282,2.3274540273964672,0.2221594979026532,0.0,0.0,0.0,2.115849084948167,0.4710472500838405,2.750603810432617e-05,1,1,1,1,1
1.1194723255246408,1.231424069693244,0.313446887121996,0.0,0.0,0.0,3.35834178516016,0.4858781727934015,9.850959461062964e-05,0,0,1,1,1
0.0,0.1608137605118594,-0.0321632348458853,0.0,0.0,0.0,0.1072080243062032,0.6176854645216485,2.144171979746152e-06,1,1,1,1,1
0.7150620673874493,0.9832136981722897,0.0178670600965131,0.0,0.0,0.0,1.430090900152841,0.5825010502230048,3.0388616781666726e-05,1,1,1,1,1
1.937689711933359,1.9376925279226085,0.0193745316855262,0.0,0.0,0.0,2.61586590490068,0.4874656425390176,3.1002735022530266e-05,1,1,1,1,1
0.2633675491674293,0.1316837745837146,-0.0921813127082963,0.0,0.0,0.0,0.395047162047029,0.490793425888494,3.9504924288812605e-06,1,1,1,1,1
7.95724671946498,7.408483631798154,0.9420581491397624,0.0,0.0,0.0,13.62800307681,0.5203171574729475,0.0001527440887123,0,0,0,0,1
0.0,0.0805055750110695,0.0161011150022139,0.0,0.0,0.0,0.1610077798959245,0.695365230047916,1.6100829836769786e-06,1,1,1,1,1
2.481828362954989,2.326730932837868,0.4653219324569232,0.0,0.0,0.0,2.1715728702299075,0.4854830353625131,0.0001395959163541,0,0,0,1,1
1.8263772711001367,3.4701635150982875,-0.4018697165419699,0.0,0.0,0.0,4.748407457191281,0.6384708666939396,0.0001314905180726,0,0,0,1,1
0.4330211539494127,0.2598129923834378,0.1039247019281529,0.0,0.0,0.0,0.34641482309028,0.7127398381376739,8.660333076410118e-06,1,1,1,1,1
0.0,0.0,0.0,0.0,0.0,0.0,0.0,0.6249304598999594,0.0,1,1,1,1,1
0.0,0.1184954865069189,-3.369931195856346e-07,0.0,0.0,0.0,0.2369808637952485,0.6110741157651519,4.739504958707063e-06,1,1,1,1,1
1.3905031903868788,1.3496071081795336,-0.4335100055083799,0.0,0.0,0.0,2.290221816162259,0.6988014778474205,2.290221816162259e-05,1,1,1,1,1
10.7550010755,8.738438373843783,2.258518849579226,0.0,0.0,0.0,13.17477004648,0.5806605130631878,0.0001317477004648,0,0,0,1,1
0.1109056891291352,0.166359517708184,-0.0110917005443,0.0,0.0,0.0,0.0,0.5885162741383823,5.545118410458537e-06,1,1,1,1,1
0.0,0.0,0.0,0.0,0.0,0.0,0.0,0.607415394824154,0.0,1,1,1,1,1
8.236154781572331,7.549805778770111,0.508699954751592,0.0,0.0,0.0,13.16180460453,0.5908439058422263,0.0001501918579863,0,0,0,0,1
8.980134659257342,8.23179810461595,-0.0428283782313203,0.0,0.0,0.0,11.11821441476,0.5200288218327521,0.000138974708741,0,0,0,1,1
0.3267087685366388,0.1633543842683194,0.0980126305609916,0.0,0.0,0.0,0.0,0.79697607255335,3.26693825813386e-06,1,1,1,1,1
0.0,0.085832489313855,-1.1787626894361389e-07,0.0,0.0,0.0,0.1716614424367685,0.587403140031105,1.7166144243676852e-06,1,1,1,1,1
0.1703560099896764,0.0851780049948382,0.0511068029969029,0.0,0.0,0.0,0.0,0.7654510268885345,1.7035484915078108e-06,1,1,1,1,1
1.8123061309362565,1.7646146831722775,0.066760711789944,0.0,0.0,0.0,2.479971842781231,0.7481951051078836,2.479978939255777e-05,1,1,1,1,1
2.829997978572872,3.638568829593693,0.2324587565420291,0.0,0.0,0.0,4.7503297436338,0.5596181543452883,5.053552495797971e-05,0,1,1,1,1
0.0,0.0,0.0,0.0,0.0,0.0,0.0,0.7095380264863771,0.0,1,1,1,1,1
0.2487735464161682,0.6219388171518807,-0.5473218545222259,0.0,0.0,0.0,2.487692143121905,0.465992004557452,2.736495395224567e-05,1,1,1,1,1
0.1141663289246102,0.0570831644623051,-8.211585788100469e-07,0.0,0.0,0.0,0.0,0.5585844874492393,3.4249116658199523e-06,1,1,1,1,1
21.4640809249,24.6124296455,-0.3808095009579979,0.0,0.0,0.0,30.42363357527,0.6109012402730853,0.000315760997308,0,0,0,0,0
0.8253287903568584,0.8253327638728565,0.0412612171127239,0.0,0.0,0.0,1.925753932664638,0.5507161053552466,1.925753932664638e-05,1,1,1,1,1
3.366112860955496,3.2459283639426832,0.1442290269778264,0.0,0.0,0.0,3.84685663727027,0.6095007741798982,5.289287989709931e-05,0,1,1,1,1
0.2485569199489298,0.2485573318205778,-0.0497125166427045,0.0,0.0,0.0,0.331405931669068,0.4634140279159786,3.31405931669068e-06,1,1,1,1,1
3.815224441175598,3.673927319897099,-0.2119692531137737,0.0,0.0,0.0,4.663005971473708,0.6476180517678445,6.782506220829924e-05,0,1,1,1,1
0.0,0.1078725378093245,0.0215745075618649,0.0,0.0,0.0,0.0,0.6070029340697273,0.0,1,1,1,1,1
0.0,0.1449710275401461,-0.057989672030269,0.0,0.0,0.0,0.2899336486844985,0.7764568078595213,4.348947989481345e-06,1,1,1,1,1
0.6955070246209487,0.4636734996983797,0.2086518923851951,0.0,0.0,0.0,0.2318276129869828,0.6214996928284128,6.954925130230973e-06,1,1,1,1,1
6.22862102414867,7.096519228822892,-3.3694509057376862,0.0,0.0,0.0,8.985652567701276,0.3777241588459155,0.0001511226472603,0,0,0,0,1
1.6777538231815246,1.2583200588684365,0.4473991428959182,0.0,0.0,0.0,2.5165533285612027,0.5032575384753042,3.075727199774074e-05,1,1,1,1,1
0.4228276174086586,0.2114138087043293,0.1162774495240397,0.0,0.0,0.0,0.6342367330888703,0.6956382482804256,8.456364629986481e-06,1,1,1,1,1
14.57564397845,12.588056163205,3.2764966012927563,0.0,0.0,0.0,22.76680527515,0.5437953830364414,0.0003758424834514,0,0,0,0,0
0.0844411305991858,0.1266621237192184,-0.0591101818505445,0.0,0.0,0.0,0.0844402749713114,0.4531563352582901,3.377593886555065e-06,1,1,1,1,1
0.3556428065907725,0.1778214032953862,-0.0355737674544564,0.0,0.0,0.0,0.0,0.5240264589779153,7.112375533428165e-06,1,1,1,1,1
0.4242821781968177,0.381855256497675,0.0084841314162316,0.0,0.0,0.0,0.8485621962147338,0.3644956485730578,1.866825742848148e-05,1,1,1,1,1
2.5629306257395124,1.9222020747143087,0.4271427877610113,0.0,0.0,0.0,3.844338464101354,0.712778794629032,4.271341222500571e-05,1,1,1,1,1
12.88626581789,11.468802482765,2.242163224224947,0.0,0.0,0.0,19.07137849985,0.500074739186013,0.0003788601207197,0,0,0,0,0
3.9927038590533512,4.51809142543095,0.1680792685679304,0.0,0.0,0.0,7.144763413767959,0.6989448865558668,9.035910388985435e-05,0,0,1,1,1
2.825286540560944,2.599266299356126,0.485945440696333,0.0,0.0,0.0,3.842363641295013,0.689670370403855,5.989600697053907e-05,0,1,1,1,1
2.5158973262301165,4.166977817876981,-0.0786445889495456,0.0,0.0,0.0,6.132432232692783,0.7402679086676426,6.132470803935474e-05,0,1,1,1,1
0.0,0.0,-0.0196685456683961,0.0,0.0,0.0,0.0,0.7573145307214224,0.0,1,1,1,1,1
0.1590975984217518,0.1590979781042514,0.0159089245276281,0.0,0.0,0.0,0.3181916531965533,0.688332866652242,3.1819367812800294e-06,1,1,1,1,1
3.602782619752786,3.1789243812665147,0.13774476225572,0.0,0.0,0.0,4.556460372040288,0.5663182210730994,5.934007478968712e-05,0,1,1,1,1
1.9359256991716656,1.4519477879745502,0.0967804734118571,0.0,0.0,0.0,1.2099301386337953,0.5930182191280275,2.177900600616588e-05,1,1,1,1,1
0.0,0.0,-0.05676133985177,0.0,0.0,0.0,0.2837958259309922,0.666314286849469,2.8379582593099222e-06,1,1,1,1,1
5.072880381480605,4.227417474151477,0.3719977316888921,0.0,0.0,0.0,6.087291763894244,0.6048908007494133,0.0001623233887712,0,0,0,0,1
0.0,0.1847496549800193,0.0369499309960038,0.0,0.0,0.0,0.0,0.6586419353944779,1.8474317004500344e-06,1,1,1,1,1
0.1537737618905561,0.076886880945278,-0.3536886854667189,0.0,0.0,0.0,0.615078968451062,0.5551564376471384,6.15078968451062e-06,1,1,1,1,1
0.6569079343530004,0.3831965347780969,0.1204315389971984,0.0,0.0,0.0,0.8758638206931586,0.7320119467825142,9.853338530057062e-06,1,1,1,1,1
1.2781431136844392,1.5976829762474969,0.0851987403937999,0.0,0.0,0.0,3.1952556843598625,0.6066746761075821,3.1952556843598624e-05,1,1,1,1,1
0.2058038750811639,0.2572561145189652,0.0514506934562511,0.0,0.0,0.0,0.4116009734363021,0.3961813719689447,2.1608895456163785e-05,1,1,1,1,1
1.7408106955409135,1.1968087737008153,0.3481585404189383,0.0,0.0,0.0,2.6111705877745,0.460236223899174,0.0001131487557988,0,0,0,1,1
0.0,0.0,-0.0116583406683726,0.0,0.0,0.0,0.0,0.7142414135208266,0.0,1,1,1,1,1
0.7357187788539709,0.551795173765957,0.2207145509884003,0.0,0.0,0.0,1.1035538111230867,0.6323584048497511,1.1035659895676228e-05,1,1,1,1,1
0.0,0.0,0.0,0.0,0.0,0.0,0.0,0.7081328240757218,0.0,1,1,1,1,1
0.0,0.0,-0.1042082776108515,0.0,0.0,0.0,0.6946542879272558,0.5166387068315776,6.946542879272558e-06,1,1,1,1,1
0.0,0.1425890753953995,0.0285178150790799,0.0,0.0,0.0,0.142586432330618,0.635551930691587,2.8517408451989515e-06,1,1,1,1,1
0.3567103458485158,0.2675335546576716,-0.0356752655227257,0.0,0.0,0.0,0.7134130572424802,0.5869213551281023,1.2484572635243591e-05,1,1,1,1,1
9.285809796900768,7.304837040228604,1.0028614030382037,0.0,0.0,0.0,13.619272012760002,0.558193292137099,0.000195622755136,0,0,0,0,1
0.0,0.0,0.0,0.0,0.0,0.0,0.0,0.630587869615951,0.0,1,1,1,1,1
0.0,0.0,-0.0822930125003086,0.0,0.0,0.0,0.0,0.7188658855023808,2.7428220347350983e-06,1,1,1,1,1
0.1817514294749928,0.0908757147374964,0.0545254288424978,0.0,0.0,0.0,0.090874806323069,0.5101975163915432,1.8174994297595536e-06,1,1,1,1,1
0.0,0.0682003562786612,0.0136400712557322,0.0,0.0,0.0,0.272796587860279,0.6713605866217826,2.7279658786027902e-06,1,1,1,1,1
1.3385566789516423,1.338560411751592,-0.0223154744794109,0.0,0.0,0.0,1.896269591532376,0.6497835464033901,4.015580452154359e-05,1,1,1,1,1
5.212351187373601,5.994186205978503,-0.8600939820612046,0.0,0.0,0.0,10.94579486016,0.7721320062860136,0.0001094579486016,0,0,0,1,1
0.5675433319333931,0.5107913179228681,0.0454012246612782,0.0,0.0,0.0,0.6810450409137808,0.8097409872201898,1.5890798433167274e-05,1,1,1,1,1
10.92971745565,9.256797289498092,0.6245734680656603,0.0,0.0,0.0,12.26820071222,0.4565845106158971,0.0001483343612644,0,0,0,1,1
3.023636591866784,2.702951136565315,0.6597021345591133,0.0,0.0,0.0,3.206872602862729,0.6594851045348844,4.306340215536909e-05,1,1,1,1,1
0.0,0.0,0.0,0.0,0.0,0.0,0.0,0.5666114292638632,0.0,1,1,1,1,1
0.0842139303314997,0.0421069651657498,-3.616964673413037e-07,0.0,0.0,0.0,0.0,0.759162211074235,0.0,1,1,1,1,1
1.5691320346150526,1.699909794277477,-2.209212751180597e-05,0.0,0.0,0.0,3.922748015743296,0.5699909776795637,5.230303331441707e-05,0,1,1,1,1
1.5139752532333886,1.5560321376014536,-0.1934593760183014,0.0,0.0,0.0,2.5232772324695314,0.5707577401529106,4.205454979763351e-05,1,1,1,1,1
1.4071971096171367,0.8795012876334255,0.0703442606120813,0.0,0.0,0.0,3.166082114098564,0.6168337068137605,9.497912218184632e-05,0,0,1,1,1
0.5362062549532053,0.3753450685128386,0.1179647895469903,0.0,0.0,0.0,0.9651619434500892,0.5145664385309806,3.9678496935640405e-05,1,1,1,1,1
14.75262643382,13.141639021405,2.07728511658164,0.0,0.0,0.0,19.50112724994,0.4807757039694968,0.000196704520982,0,0,0,0,1
12.62352767349,11.404216964655,2.9263373874473877,0.0,0.0,0.0,18.79189624578,0.3662669682933372,0.0002940784084763,0,0,0,0,0
0.0,0.0569181119123916,0.0113836223824783,0.0,0.0,0.0,0.1138345392205521,0.5180461895026341,2.276651910167869e-06,1,1,1,1,1
1.512623424253637,1.4544504741871656,0.267616216866988,0.0,0.0,0.0,1.6289733860655289,0.6812448149195345,1.7453347202926576e-05,1,1,1,1,1
1.8906553011273708,1.8906706209933573,0.2160619059186252,0.0,0.0,0.0,2.700855901235101,0.7030408936592006,2.7008559012351013e-05,1,1,1,1,1
0.4123150251718323,0.4123184253015089,0.1649266900946682,0.0,0.0,0.0,0.4123073751481729,0.7081399783538628,8.245977509096343e-06,1,1,1,1,1
0.0936937544680209,0.0936941056114379,0.02810805611067,0.0,0.0,0.0,0.0,0.7187404257232883,2.810767864303623e-06,1,1,1,1,1
3.209401406520166,3.476844013155966,-1.0029029979089148,0.0,0.0,0.0,4.947813935451087,0.7669646498753017,7.087428106065367e-05,0,1,1,1,1
1.9909742500663656,1.659154017346593,0.110586189240766,0.0,0.0,0.0,2.212149567856582,0.380737486422932,2.8756672100940342e-05,1,1,1,1,1
5.051466673920055,4.080038827932751,1.036194785737274,0.0,0.0,0.0,7.900971042293509,0.6553790717524742,0.0001088009615932,0,0,0,1,1
4.931735238998253,6.045364262726719,-1.734084473017733,0.0,0.0,0.0,8.272522339787491,0.7965770847949448,0.0001320415533177,0,0,0,1,1
3.215862471344368,2.756458823304839,-0.0919102782050348,0.0,0.0,0.0,3.904904100149305,0.5481405765476054,6.661123386974517e-05,0,1,1,1,1
3.250735109416788,3.1768547660209525,-1.9800213899404024,0.0,0.0,0.0,9.013268713614467,0.6047474807175153,0.000223114680946,0,0,0,0,0
0.0,0.0,-0.014151277152763,0.0,0.0,0.0,0.2830147295015969,0.4075185693039394,2.830147295015969e-06,1,1,1,1,1
0.6221497763371554,0.8443475469238482,-0.0711060782685978,0.0,0.0,0.0,0.8887767055180591,0.705153660604617,1.3331484700788158e-05,1,1,1,1,1
1.5128821918637196,1.210312620032438,-0.3328675918199634,0.0,0.0,0.0,2.420538267197168,0.6817173719005764,6.353663038019109e-05,0,1,1,1,1
0.0,0.0,0.0,0.0,0.0,0.0,0.0,0.7195257200475046,1.0072999023926395e-06,1,1,1,1,1
0.5346954998244416,0.4010223396203468,-0.0980306691140036,0.0,0.0,0.0,0.7129203445187565,0.6819403909476939,9.80253243969883e-06,1,1,1,1,1
0.0,0.0497644647881576,0.0099528929576315,0.0,0.0,0.0,0.0995273446403032,0.5396273099052599,9.95273446403032e-07,1,1,1,1,1
1.6926756865122312,1.851366158606495,-0.1586918711079142,0.0,0.0,0.0,1.163696067976777,0.4830058057854737,2.327384749494058e-05,1,1,1,1,1
10.29875340306,7.724059287944183,2.507499259159652,0.0,0.0,0.0,14.32860414768,0.4863150636167636,0.0002216446029539,0,0,0,0,0
0.2144137499249552,0.1072068749624776,0.0536033225468662,0.0,0.0,0.0,0.0,0.6228344396987942,5.360234563864515e-06,1,1,1,1,1
1.9663292922287088,2.0557251519338893,0.1787430522537417,0.0,0.0,0.0,2.8601051088627503,0.5865199671087913,3.5750866511627074e-05,1,1,1,1,1
1.743895397278748,2.228317355875073,0.1550078179800186,0.0,0.0,0.0,2.22828272063632,0.4886042715210936,2.90645853840013e-05,1,1,1,1,1
0.5267191454508584,0.5925616395876858,0.1580147552490943,0.0,0.0,0.0,0.2633567984240729,0.4908904883425113,1.3167666531478624e-05,1,1,1,1,1
3.6585443932349855,6.448180268456604,-2.0121697688563107,0.0,0.0,0.0,7.225638394298515,0.5216691407618383,9.420786278944909e-05,0,0,1,1,1
0.0,0.0,-0.0644032674999018,0.0,0.0,0.0,0.3220067460413296,0.7212484201544023,3.220067460413296e-06,1,1,1,1,1
14.58015361898,12.40868901412,3.7535802376149223,0.0,0.0,0.0,19.85382620456,0.4948814354316346,0.0002916175466898,0,0,0,0,0
12.41854892908,11.3229066775,1.9722878623597695,0.0,0.0,0.0,11.32287732575,0.6570957915421759,0.0001278389375488,0,0,0,1,1
0.3464133230564047,0.3897153634459498,-0.0173217536814718,0.0,0.0,0.0,0.7794232268121589,0.7165999826794839,2.338251455561531e-05,1,1,1,1,1
0.0,0.0,0.0,0.0,0.0,0.0,0.2429230444087617,0.6568080397810777,2.4292304440876174e-06,1,1,1,1,1
0.0,0.1184893087096751,-0.0710956631542545,0.0,0.0,0.0,0.4739358954307839,0.6119270707444111,4.73935895430784e-06,1,1,1,1,1
1.4722710025592978,1.5949658724661353,-0.0899802052299658,0.0,0.0,0.0,2.1266032339091794,0.7342122202801064,2.208373990589056e-05,1,1,1,1,1
4.3018963296758255,4.839626141876603,-2.0165938592031383,0.0,0.0,0.0,5.914980225145657,0.5971817807854556,8.06599055741372e-05,0,0,1,1,1
0.4436129166772948,0.4436139006437591,0.1774453634642107,0.0,0.0,0.0,0.3327056287138266,0.5930167306570493,7.762976369499932e-06,1,1,1,1,1
0.0,0.0,0.0,0.0,0.0,0.0,0.0,0.6110593055258825,8.378170509174934e-07,1,1,1,1,1
11.06239351436,10.658656524785,0.8317146291932316,0.0,0.0,0.0,15.826771144880002,0.6024234339571449,0.0002010688139846,0,0,0,0,0
11.33190508567,11.118142184955,0.8979495558603985,0.0,0.0,0.0,16.67682242391,0.5210715927434442,0.0001667682242391,0,0,0,0,1
0.0,0.0,-0.0326699162343347,0.0,0.0,0.0,0.0,0.8296331384142955,0.0,1,1,1,1,1
0.0,0.0,-0.0514988747495867,0.0,0.0,0.0,0.0,0.6207727602774645,3.433040266129281e-06,1,1,1,1,1
0.0,0.0,-0.01703531079221,0.0,0.0,0.0,0.0,0.7823705068998823,0.0,1,1,1,1,1
1.7168970329157776,1.7645894814694016,-0.114464442177968,0.0,0.0,0.0,2.7661039711714737,0.7516687237577808,4.196851407614424e-05,1,1,1,1,1
2.931042672949205,2.2740864669012115,0.0101017317474861,0.0,0.0,0.0,3.7395910504511263,0.560155364847642,5.154592286910671e-05,0,1,1,1,1
0.0,0.0,0.0,0.0,0.0,0.0,0.0,0.7219752661085732,0.0,1,1,1,1,1
0.0,0.7462927905628789,-0.3482845120286878,0.0,0.0,0.0,1.2437780005522374,0.4661033181509498,1.989990348546809e-05,1,1,1,1,1
0.228328747730983,0.2854121076871473,0.102748171083626,0.0,0.0,0.0,0.1141634615274842,0.5604546902345716,3.4249116658199523e-06,1,1,1,1,1
16.232657445679997,14.680202756775,-1.4631323543399983,0.0,0.0,0.0,21.8217429718,0.6346055586898438,0.0002492728064658,0,0,0,0,0
0.1375517710478281,0.3438820765136361,-0.3301301727205913,0.0,0.0,0.0,0.6877512871265339,0.5507484797257798,1.92567976495703e-05,1,1,1,1,1
4.568065376228269,3.967024374135205,0.9376393389548286,0.0,0.0,0.0,7.212544056623279,0.6099239797856432,7.452854683758547e-05,0,1,1,1,1
0.2485532131716632,0.2071278149292797,0.0248547309812376,0.0,0.0,0.0,0.3314026368050797,0.4646430669325621,4.970977774758369e-06,1,1,1,1,1
5.510825239014382,4.733660372429699,0.876075916447587,0.0,0.0,0.0,6.358635521598871,0.6559540143479078,7.347621631398083e-05,0,1,1,1,1
0.0,0.0,0.0,0.0,0.0,0.0,0.2157325089475057,0.6133145789872222,2.157325089475058e-06,1,1,1,1,1
0.4348966902912213,0.2899312319360394,0.0289916205996042,0.0,0.0,0.0,0.1449645126872941,0.785129250359512,7.248057520584483e-06,1,1,1,1,1
0.0,0.1159116567716749,-0.0231831912430615,0.0,0.0,0.0,0.0,0.6225482582520626,2.318141777551115e-06,1,1,1,1,1
12.35531012849,9.649377375472652,2.51190301288864,0.0,0.0,0.0,15.21445230013,0.3824443600331654,0.0001521445230013,0,0,0,0,1
1.9572481091585232,1.6776529636188238,0.0558922901289286,0.0,0.0,0.0,4.193997550705431,0.5041995895474397,5.032712632108707e-05,0,1,1,1,1
0.5285272587933723,0.4228224774560843,-0.0317134121530997,0.0,0.0,0.0,0.7399303408436263,0.6995967379642403,9.513339816498246e-06,1,1,1,1,1
26.863100580020003,29.27200379677,2.108260411023001,0.0,0.0,0.0,26.14086190156,0.5461271771001232,0.0003481411790782,0,0,0,0,0
0.2533199692976197,0.1266599846488098,0.0591079357950236,0.0,0.0,0.0,0.4221985228118083,0.4532774004730312,5.066352327651138e-06,1,1,1,1,1
0.3556187766714082,0.711248935409966,0.0711194552731361,0.0,0.0,0.0,0.711217319564166,0.5246010070837245,1.4223840579194789e-05,1,1,1,1,1
1.1031280468608793,1.272838829980294,0.2545668155202015,0.0,0.0,0.0,2.036535445899436,0.3651075290715435,3.3093476342407165e-05,1,1,1,1,1
2.989977169388613,3.310355128556766,0.5339087122373258,0.0,0.0,0.0,3.203464867600797,0.7138195338745054,8.542372302212047e-05,0,0,1,1,1
32.73103082129,26.932226148225,6.030812188958,0.0,0.0,0.0,40.72196434508,0.5010760392477261,0.0004072196434508,0,0,0,0,0
7.564980026351348,5.988933247695373,0.231125495725139,0.0,0.0,0.0,10.50691670326,0.7187949827371358,0.0001050691670326,0,0,0,1,1
5.6505283809089,4.97246982833839,0.9944894701156975,0.0,0.0,0.0,8.927885289105268,0.7026528250541324,0.0001344837913127,0,0,0,1,1
5.18901375717617,5.346247944471056,0.2830399574260857,0.0,0.0,0.0,8.333778849812726,0.7412691873464934,8.962813757447391e-05,0,0,1,1,1
0.0,0.0,0.0,0.0,0.0,0.0,0.0,0.780936122676558,0.0,1,1,1,1,1
0.0,0.0795466477451707,-0.0636388874898216,0.0,0.0,0.0,0.3181820351241149,0.7115218487648969,4.772669783750332e-06,1,1,1,1,1
3.496836952029754,3.4438491842916523,-0.1907269157838077,0.0,0.0,0.0,5.4041968356838055,0.5842392427342693,6.46380902729211e-05,0,1,1,1,1
1.935817955679448,1.814843679174251,0.2903544824439382,0.0,0.0,0.0,3.62958840467491,0.593171534348005,4.11351361814979e-05,1,1,1,1,1
0.0,0.0,-0.0425696759170572,0.0,0.0,0.0,0.1418934833998813,0.677047593912202,1.4189348339988138e-06,1,1,1,1,1
13.52708629942,11.328981093572022,2.671545905735284,0.0,0.0,0.0,15.89400390248,0.622676347355001,0.0001826094896064,0,0,0,0,1
0.0,0.0923717556730113,-0.0369499309823836,0.0,0.0,0.0,0.0,0.6694765739452687,0.0,1,1,1,1,1
0.0,0.1537678505253478,-0.1230180872900228,0.0,0.0,0.0,0.0,0.5653508994484449,3.075328637306504e-06,1,1,1,1,1
0.7663707745599937,0.9305936827053056,0.0547351359743855,0.0,0.0,0.0,1.861159677647144,0.7373848954849361,8.429930852671084e-05,0,0,1,1,1
0.6390348018353079,1.2780838966754648,-0.4047488582636652,0.0,0.0,0.0,2.769121315204819,0.613779999701787,3.834078138512463e-05,1,1,1,1,1
2.0579985141250727,1.6463994466043943,0.4939171021377624,0.0,0.0,0.0,3.086972359249496,0.3962900766186539,7.820313882703523e-05,0,0,1,1,1
8.92144126971693,7.507073063018947,2.393547802020834,0.0,0.0,0.0,15.231662710059998,0.4602790875798846,0.0001806028217558,0,0,0,0,1
0.0,0.0,0.0,0.0,0.0,0.0,0.0,0.7221739069611282,0.0,1,1,1,1,1
0.3678390924673911,0.1839195462336955,-0.1471465972107435,0.0,0.0,0.0,1.839127812026425,0.6330976797563523,1.839127812026425e-05,1,1,1,1,1
0.0,0.0,0.0,0.0,0.0,0.0,0.0,0.7353254379679971,0.0,1,1,1,1,1
0.0,0.0,-0.2431318960822427,0.0,0.0,0.0,0.3473138744946583,0.5167162167794279,3.4731387449465832e-06,1,1,1,1,1
0.0,0.0712929112032532,-0.0998109295814415,0.0,0.0,0.0,0.4277477086981071,0.6475672561980643,7.129097983748508e-06,1,1,1,1,1
0.356702075292674,0.7134070134190025,-0.0713449320401204,0.0,0.0,0.0,0.7133850656403433,0.5876081447172944,2.6751415149861427e-05,1,1,1,1,1
10.15257336781,12.814499837625,-0.0742570309419992,0.0,0.0,0.0,13.24805055555,0.5744986170025729,0.0001720997782512,0,0,0,0,1
0.1273857763589833,0.0636928881794916,0.0382157329076949,0.0,0.0,0.0,0.0,0.6314230029425627,0.0,1,1,1,1,1
0.0,0.0,-0.027428521273561,0.0,0.0,0.0,0.0,0.7567133927763318,0.0,1,1,1,1,1
0.0,0.0,0.0,0.0,0.0,0.0,0.0,0.5128904389928283,9.087315470700224e-07,1,1,1,1,1
0.1363969916279526,0.1363976427790461,-0.0682007097500758,0.0,0.0,0.0,0.1363953172759673,0.6972760491186817,1.3639531727596729e-06,1,1,1,1,1
2.565526903453645,2.621305199728491,0.2788563443909739,0.0,0.0,0.0,4.907920714771726,0.6558588303532588,6.246409708705376e-05,0,1,1,1,1
4.43033686196634,5.081916756541534,-0.5473489007138425,0.0,0.0,0.0,7.818221146203342,0.7954153951198664,8.078786409917623e-05,0,0,1,1,1
1.021554806415364,1.1350644390360825,0.1135016704347414,0.0,0.0,0.0,1.362057615037116,0.8203128192322535,3.405086063550256e-05,1,1,1,1,1
8.810916614154348,10.204997243727174,-0.2564423039061628,0.0,0.0,0.0,12.82618951754,0.4570205542475321,0.0001282618951754,0,0,0,1,1
3.3901069349676702,3.069426180871233,0.4489557421452276,0.0,0.0,0.0,3.664970396201624,0.6738497032290222,4.306340215536909e-05,1,1,1,1,1
0.0,0.0,0.0,0.0,0.0,0.0,0.0,0.5674708085481384,1.5736582203184456e-06,1,1,1,1,1
0.0,0.0,-0.0252640727201069,0.0,0.0,0.0,0.0842121573723112,0.7843612971030176,8.421215737231121e-07,1,1,1,1,1
3.399652712399841,4.184220438634732,-0.2353992813481532,0.0,0.0,0.0,3.399634931510432,0.5720356490949126,4.968606253644734e-05,1,1,1,1,1
2.355054788667476,2.4391681328814045,0.0672839759393887,0.0,0.0,0.0,4.121335480913591,0.5854407515970175,4.878282642649816e-05,1,1,1,1,1
9.146202039603056,7.915041315158692,1.6533104504860303,0.0,0.0,0.0,17.236587999810002,0.6359245670626392,0.0002286510292814,0,0,0,0,0
3.538908150319949,2.949091390305445,0.8900857074941939,0.0,0.0,0.0,5.576425446945136,0.5145968298021334,0.0001340478261195,0,0,0,1,1
4.239461757935213,5.129723205606886,-3.4507633035727063,0.0,0.0,0.0,6.189682392982087,0.4914353449518476,0.0001008997031513,0,0,0,1,1
25.53421010351,22.736908739865,1.8362371826990025,0.0,0.0,0.0,25.10432640788,0.3663338072073804,0.0002940784084763,0,0,0,0,0
0.2276657093323589,0.1138328546661794,0.0341491177825071,0.0,0.0,0.0,0.227663636084231,0.5204754982703256,2.276651910167869e-06,1,1,1,1,1
1.2798957466737255,1.3380768875786946,0.1396213757753238,0.0,0.0,0.0,2.3270669299355053,0.6920650508289594,2.5597408611433666e-05,1,1,1,1,1
1.3503732431644109,2.025596335889526,-0.2971220869113685,0.0,0.0,0.0,3.780983811987879,0.7284281370012478,4.321007658986076e-05,1,1,1,1,1
0.2061494377274085,0.3092284064377907,-0.0206176637040526,0.0,0.0,0.0,1.0307174411821092,0.7099849721397076,1.0307174411821092e-05,1,1,1,1,1
0.2810773131257483,0.3279240586778932,0.093692306032787,0.0,0.0,0.0,0.1873836464670218,0.7423118832150162,7.495303723760581e-06,1,1,1,1,1
4.2791503746931046,3.276230585523624,0.9761764225642484,0.0,0.0,0.0,6.686091992602508,0.7789618103797566,0.0001363960942577,0,0,0,1,1
2.43328378282721,2.101489974058416,0.5530078843306644,0.0,0.0,0.0,2.8756417658210065,0.3813587628546717,3.760413026070722e-05,1,1,1,1,1
5.958147896773792,7.059110008134168,0.0259240490605828,0.0,0.0,0.0,9.06674679943838,0.6737836311543782,0.0001036198292086,0,0,0,1,1
7.477194556602362,7.31803697667373,0.2863828893224002,0.0,0.0,0.0,11.77264165351,0.8117156875222725,0.0001734108644292,0,0,0,0,1
3.9047964682264418,4.019662416693993,0.1837084341225158,0.0,0.0,0.0,5.971931919976112,0.55440200289409,9.646944789616212e-05,0,0,1,1,1
18.76505267512,16.844297688195,4.728172622211847,0.0,0.0,0.0,22.75480953928,0.6133041756553089,0.0002275480953928,0,0,0,0,0
0.283009523270458,0.141504761635229,-2.6431971641453448e-06,0.0,0.0,0.0,0.1415023588443219,0.407915924958469,4.245004690730183e-06,1,1,1,1,1
1.0665235155103627,0.7998945324336,0.1244255632964108,0.0,0.0,0.0,1.2442663761008423,0.7151865377488199,1.6886307160149736e-05,1,1,1,1,1
0.6051107655256295,3.025619737850407,-2.691464533837204e-05,0.0,0.0,0.0,3.025425677392809,0.6830806094417484,3.630598685723276e-05,1,1,1,1,1
0.0,0.0,-0.0201461198069598,0.0,0.0,0.0,0.0,0.7363251031459516,1.007287726702694e-06,1,1,1,1,1
0.2673417938099681,0.4010138819141717,-0.0267366094612891,0.0,0.0,0.0,0.5346792993562461,0.7034374532155613,1.0693500223226816e-05,1,1,1,1,1
0.1990525100521517,0.0995262550260758,0.0298572821674658,0.0,0.0,0.0,0.0995253635412716,0.5519686614535281,1.990485479408428e-06,1,1,1,1,1
1.6926434541774968,1.7984376990457591,0.0423124602552835,0.0,0.0,0.0,2.115784173088072,0.4898220202353598,3.491029113067028e-05,1,1,1,1,1
21.04509022522,19.14207674741,2.171643628257,0.0,0.0,0.0,21.94101895883,0.4874286916883838,0.0002283667301018,0,0,0,0,0
0.1072046912772902,0.2680128774839694,0.0321611315501558,0.0,0.0,0.0,0.3216078678148782,0.6331000961607525,4.2881508743003615e-06,1,1,1,1,1
3.2175894892076684,2.4131964306297684,0.1429960527959168,0.0,0.0,0.0,4.290088643956605,0.5884500088483078,6.435132965934909e-05,0,1,1,1,1
1.8407570743200825,1.6954341474000758,0.1453218944440505,0.0,0.0,0.0,4.747206414347802,0.4964425016421459,4.7472064143478014e-05,1,1,1,1,1
1.0534174838333337,0.8559038729890003,0.3160249157050247,0.0,0.0,0.0,1.0534105483265257,0.4946144385716806,2.238453202502328e-05,1,1,1,1,1
1.2804846817446789,1.1432940353791063,-0.3750049663714706,0.0,0.0,0.0,2.7438806887506377,0.522231835967154,5.76207039420793e-05,0,1,1,1,1
0.0,0.0,-0.0966026459464725,0.0,0.0,0.0,0.0,0.7372602748547803,1.6099663356039224e-06,1,1,1,1,1
27.92056908324,25.593674542485,2.202989142068001,0.0,0.0,0.0,33.19517522088,0.5108179042986201,0.0003474667502241,0,0,0,0,0
4.382953233888995,4.383001260639116,-0.6940116198867027,0.0,0.0,0.0,4.748095283315193,0.670602715910502,0.0001095698288519,0,0,0,1,1
1.5588383536588533,1.6454427344022398,0.3377461724577172,0.0,0.0,0.0,1.9052402767794512,0.7185830208450606,3.637273742087848e-05,1,1,1,1,1
0.0,0.1214609320911928,-0.0728779165301002,0.0,0.0,0.0,0.2429124227842136,0.6779782884876515,2.4291537314230467e-06,1,1,1,1,1
0.0,0.0,-0.0710915635641518,0.0,0.0,0.0,0.2369584019525372,0.6121749226923213,4.739100660867587e-06,1,1,1,1,1
1.390457697778294,1.431357124966696,-0.0327213881872523,0.0,0.0,0.0,1.8812043961292992,0.7605284057774241,2.3719145685446502e-05,1,1,1,1,1
2.957466257998602,3.76406025341251,0.2150677085664524,0.0,0.0,0.0,2.957386745530313,0.610041672267778,0.0001021615227443,0,0,0,1,1
0.665401664169562,0.4436017243933605,0.1885299672498332,0.0,0.0,0.0,0.8871913960178414,0.5950902828144372,1.6634672646276993e-05,1,1,1,1,1
0.0,0.0418909578367509,0.0083781915673501,0.0,0.0,0.0,0.0,0.6201949419648018,8.378030124045113e-07,1,1,1,1,1
16.31150122336,15.01944015973,1.1063626131540003,0.0,0.0,0.0,22.93342765109,0.614598903233048,0.0002648717834834,0,0,0,0,0
7.269321964683924,8.659066766176961,-2.5657279806348234,0.0,0.0,0.0,12.6143577047,0.5213257476144967,0.0001795938613107,0,0,0,0,1
0.0,0.1633367742947118,0.0326673548589423,0.0,0.0,0.0,0.3266532738824375,0.852898231172522,6.532617358470845e-06,1,1,1,1,1
0.0,0.0858273325723309,-1.1786210549046077e-07,0.0,0.0,0.0,0.0,0.6430633655344772,1.716493615501997e-06,1,1,1,1,1
0.0,0.0,0.0,0.0,0.0,0.0,0.0,0.7903239543622607,1.7033569759281592e-06,1,1,1,1,1
3.3384108973362343,3.3384077130602177,0.3338420086244685,0.0,0.0,0.0,5.341426866804844,0.7531574032653287,0.0001106440533113,0,0,0,1,1
3.3353109368888423,3.183712023418148,0.2223538785886511,0.0,0.0,0.0,5.457770500750443,0.5695112768656226,5.457770500750443e-05,0,1,1,1,1
0.0,0.0,0.0,0.0,0.0,0.0,0.0,0.7415809389796345,0.0,1,1,1,1,1
1.7412675432704985,1.368143734272251,0.3731238707927817,0.0,0.0,0.0,1.4924667739584447,0.4661496098443108,3.979753006579029e-05,1,1,1,1,1
0.114162418873331,0.0570812094366655,-0.0114166589489943,0.0,0.0,0.0,0.1141615065665698,0.5610786892432462,1.1416163689521443e-06,1,1,1,1,1
19.07247451606,19.33841076803,1.0204203320330014,0.0,0.0,0.0,25.63825049546,0.6573798240275651,0.0002563825049546,0,0,0,0,0
1.7881336698692598,1.513037033582799,0.2888475942352712,0.0,0.0,0.0,3.163590647875855,0.5507563732596813,3.851274771949515e-05,1,1,1,1,1
4.3274640099243165,5.769978023065514,0.023991179809667,0.0,0.0,0.0,7.452800930878878,0.6100742635550822,7.452800930878878e-05,0,1,1,1,1
0.414249177508258,0.331400165703495,-1.6268111309248043e-06,0.0,0.0,0.0,0.4970948945868851,0.4773444859334572,4.970977774758369e-06,1,1,1,1,1
5.086858102093242,4.592319823973002,0.2825970583174281,0.0,0.0,0.0,9.467114494152291,0.672388383426615,0.0001059757612238,0,0,0,1,1
0.0,0.0,-0.0647204507995133,0.0,0.0,0.0,0.0,0.6163336274346954,1.0785787783153894e-05,1,1,1,1,1
0.4348878641642252,0.5073708560009389,0.1014729103320311,0.0,0.0,0.0,0.5798412394686335,0.7886319225795977,8.697542944118287e-06,1,1,1,1,1
0.0,0.1159070888775557,-0.0695455430534792,0.0,0.0,0.0,0.2318066547054432,0.6247467512297343,9.27202976321554e-06,1,1,1,1,1
6.024563882841634,6.586168471544596,-1.6133087285443717,0.0,0.0,0.0,11.94707750998,0.3925932203909043,0.0001623598752586,0,0,0,0,1
4.473559863220908,3.3551761514312317,0.111808351319403,0.0,0.0,0.0,6.151007227433492,0.5045363678302321,7.548963415486559e-05,0,0,1,1,1
0.8456266304738469,0.6870727545840969,0.0634195726743564,0.0,0.0,0.0,1.3741272970387557,0.700893711253574,2.2197182860392404e-05,1,1,1,1,1
5.421059732850177,6.685940146836073,-3.0356294059877498,0.0,0.0,0.0,7.348565343202095,0.5468139752847267,0.0001168542357853,0,0,0,1,1
0.2533152635112028,0.4644144535990105,0.008442245000446,0.0,0.0,0.0,0.6755028062919709,0.4533003800547664,9.288038104598508e-06,1,1,1,1,1
0.3555960144798697,0.7112015127677732,0.0711149034068833,0.0,0.0,0.0,1.0667614899102142,0.5305076006756156,1.0667652831906238e-05,1,1,1,1,1
2.4608032231430905,2.20623820052202,0.3733607130887912,0.0,0.0,0.0,3.0547824316068155,0.3653477360667979,4.92153545117752e-05,1,1,1,1,1
6.620395088093966,5.659380028542379,1.751187826542138,0.0,0.0,0.0,11.10498912992,0.7301039170713581,0.0001110498912992,0,0,0,1,1
7.99010258260735,9.278733476528677,-7.577034283717798,0.0,0.0,0.0,10.56777293206,0.5015233058055736,0.0001623824338291,0,0,0,0,1
4.202749018132761,5.253456143777944,-1.1767945419946773,0.0,0.0,0.0,8.19510227067372,0.7348611245361362,8.195257257530706e-05,0,0,1,1,1
9.040896495296472,9.549429873218235,0.3842320856677215,0.0,0.0,0.0,11.30115893384,0.7145225542879422,0.0001344837913127,0,0,0,1,1
6.132451518253477,6.682776984430018,-0.1572388603885173,0.0,0.0,0.0,11.32125313693,0.7416867409257011,0.0001132125313693,0,0,0,1,1
0.0,0.0,0.0,0.0,0.0,0.0,0.1966653424533608,0.7977473951675392,3.933275907505084e-06,1,1,1,1,1
0.1590879804258148,0.0795439902129074,-0.1113649271547016,0.0,0.0,0.0,0.6363448352662308,0.7339919502378339,7.954120632193508e-06,1,1,1,1,1
5.722066513725013,4.768392803673878,0.7205492029795658,0.0,0.0,0.0,7.84131717174286,0.5985754234046363,7.84131717174286e-05,0,0,1,1,1
1.6937751344131555,2.29871590302415,-0.6291488566765181,0.0,0.0,0.0,2.4196202164108325,0.5932231276978766,4.839029677769014e-05,1,1,1,1,1
0.2837833427691295,0.1418916713845647,0.0425665349976015,0.0,0.0,0.0,0.1418898594155273,0.6826760995045206,2.837736791399387e-06,1,1,1,1,1
6.0869829868825525,7.101480151362978,-3.618506219015893,0.0,0.0,0.0,8.454085859695992,0.6367820367583653,0.0001285021050673,0,0,0,1,1
0.0,0.0,0.0,0.0,0.0,0.0,0.0,0.6786127957821543,7.389194411552267e-06,1,1,1,1,1
0.0,0.3075267163834858,0.0615053432766971,0.0,0.0,0.0,0.4612815631909613,0.5738112005313963,6.150373558313998e-06,1,1,1,1,1
9.85315514449652,7.389869055171628,2.583710652476186,0.0,0.0,0.0,15.21771736429,0.7391606607773735,0.00034486873639,0,0,0,0,0
2.130043410284701,2.343055918118232,-0.1491296721658699,0.0,0.0,0.0,2.768991554575759,0.6163434401525075,4.259878124886847e-05,1,1,1,1,1
7.202928093168846,5.710895158738245,1.3479724031432625,0.0,0.0,0.0,11.21604573677,0.3963215485963479,0.0002099199525827,0,0,0,0,0
15.01393685007,11.53244424715684,0.0652613201348605,0.0,0.0,0.0,15.66661444461,0.4602894842202378,0.0001806028217558,0,0,0,0,1
0.0,0.0,-0.0349736357076157,0.0,0.0,0.0,0.0,0.7427192501836071,0.0,1,1,1,1,1
1.471248133353931,0.9195348184673364,-2.3135049096785287e-05,0.0,0.0,0.0,0.7355943050288903,0.6369878884397677,3.310016108745063e-05,1,1,1,1,1
0.0,0.0,0.0,0.0,0.0,0.0,0.0,0.7585318454485429,9.365523261150124e-07,1,1,1,1,1
0.0,0.0,-0.2083897722299789,0.0,0.0,0.0,0.0,0.5166974592634781,3.47266836364394e-06,1,1,1,1,1
0.7129057324749949,0.4277438460749825,0.0712878083978568,0.0,0.0,0.0,0.1425799267424336,0.6544461411455726,5.703237728058219e-06,1,1,1,1,1
2.318468384116708,2.1401316597377824,0.6955372072423222,0.0,0.0,0.0,2.318455979654657,0.5878070616602284,5.528507481318995e-05,0,1,1,1,1
2.352445924696968,2.476263696958169,-1.5228981461486029,0.0,0.0,0.0,5.571547961742038,0.5893719627325348,5.695381293396329e-05,0,1,1,1,1
0.0,0.0,0.0,0.0,0.0,0.0,0.1273817197041687,0.6317661984963862,2.547592206915439e-06,1,1,1,1,1
0.0,0.0,0.0,0.0,0.0,0.0,0.0,0.7887835754992787,0.0,1,1,1,1,1
0.0,0.0454367425127063,-2.47740383648256e-08,0.0,0.0,0.0,0.0,0.5163614587460426,0.0,1,1,1,1,1
0.1363930848705971,0.0681965424352985,-0.0136405921302719,0.0,0.0,0.0,0.2727817050766039,0.7159019458882931,2.7278170507660394e-06,1,1,1,1,1
3.3462909153778795,3.848236978847561,-0.1896345113654078,0.0,0.0,0.0,5.577170188463735,0.6633263135351228,6.246409708705376e-05,0,1,1,1,1
2.3454480066298,2.866667503783992,-1.4333355176858171,0.0,0.0,0.0,5.472555135992995,0.8109258260300782,5.472555135992995e-05,0,1,1,1,1
2.83759748566162,2.7240980309319287,0.6015645216046265,0.0,0.0,0.0,5.221096407545166,0.8239650595148239,9.874749584295744e-05,0,0,1,1,1
6.580414900736114,6.078515739116341,-0.814170757147527,0.0,0.0,0.0,6.915012268570154,0.4571704215926834,8.141869283961633e-05,0,0,1,1,1
2.290587609020517,2.657088552260433,-0.0274940526897606,0.0,0.0,0.0,3.2068020853375847,0.6835564351355561,3.29843709055859e-05,1,1,1,1,1
0.0,0.0,-0.0157366317313442,0.0,0.0,0.0,0.0,0.5677409202492604,1.573598788958372e-06,1,1,1,1,1
0.0,0.0421059723111126,-0.0168424527494708,0.0,0.0,0.0,0.0,0.8078504949928084,0.0,1,1,1,1,1
6.014612894284025,5.099367598089454,0.4183779687431804,0.0,0.0,0.0,2.876561515268004,0.5836830970630307,4.968606253644734e-05,1,1,1,1,1
2.439141321324908,2.859682928449892,-0.0084180195879501,0.0,0.0,0.0,5.298801966107853,0.5973465618344957,5.635219617965753e-05,0,1,1,1,1
18.99555715024,14.598455382165,1.336690114778001,0.0,0.0,0.0,20.40256368765,0.6537473881200796,0.0002567917911051,0,0,0,0,0
6.970486958218901,9.11527028875945,0.5468979838483883,0.0,0.0,0.0,7.721212745148504,0.5146027436042621,0.0001093834953174,0,0,0,1,1
3.391598163449595,2.713279393480765,0.4239518409517186,0.0,0.0,0.0,4.748197168887439,0.4987820026369452,6.86788728525134e-05,0,1,1,1,1
12.91100017214,13.98684122426,-1.893498280225,0.0,0.0,0.0,16.2106175241,0.3663699980202963,0.0002065774844887,0,0,0,0,0
0.2276613037252219,0.1707461721558397,0.0569151315677892,0.0,0.0,0.0,0.0,0.5211683003095023,2.276600079908663e-06,1,1,1,1,1
1.51257414522108,1.8034635358069413,-0.162904310622949,0.0,0.0,0.0,2.908779511022529,0.7026087098166655,3.141478216757343e-05,1,1,1,1,1
1.3503148934331486,2.160527898107151,-0.4321370884668513,0.0,0.0,0.0,1.6203516163007372,0.7448324286370143,3.780881701612816e-05,1,1,1,1,1
0.412279327489961,0.309210982913566,0.0206104392949714,0.0,0.0,0.0,1.030689820082785,0.7106008509375155,1.030689820082785e-05,1,1,1,1,1
0.1873825930940145,0.374765976215564,0.0655836705721773,0.0,0.0,0.0,0.4684542882305544,0.7686266794086233,6.558255578967487e-06,1,1,1,1,1
10.43020587621,8.691842879294606,1.751711577303137,0.0,0.0,0.0,16.848974352109998,0.7835160867588458,0.0001885480463213,0,0,0,0,1
2.433181517553193,2.764996122452776,0.1548168052240315,0.0,0.0,0.0,3.096721677715327,0.3815691973518605,4.423741334996661e-05,1,1,1,1,1
8.160029842394852,7.05908501094515,-0.4145000528027636,0.0,0.0,0.0,8.937163965872985,0.687197965953291,8.937163965872986e-05,0,0,1,1,1
9.545552170419924,11.45458819264996,-0.2385707711960219,0.0,0.0,0.0,13.04569173984,0.8197339951635484,0.0001511381498144,0,0,0,0,1
6.431311298435814,6.431303912423311,0.5053063427141333,0.0,0.0,0.0,7.350002526563369,0.5574930978882524,0.0001148424705831,0,0,0,1,1
5.762624210409664,6.427537148646088,-3.0733465473094235,0.0,0.0,0.0,7.535683678595703,0.6212269866130796,0.0001581008979244,0,0,0,0,1
0.2830023149589364,0.2830029156388133,0.0565995619561621,0.0,0.0,0.0,0.1414999561350136,0.4180701103982658,4.245004690730183e-06,1,1,1,1,1
1.2442553176361637,1.0220679344035943,0.1955229288197264,0.0,0.0,0.0,1.866379658950224,0.7204874272667403,1.866379658950224e-05,1,1,1,1,1
1.210140981424336,1.210150134320258,-0.3025656339009973,0.0,0.0,0.0,1.8151455746750889,0.6834234855635422,1.8151455746750888e-05,1,1,1,1,1
0.0,0.0,0.0,0.0,0.0,0.0,0.100726134705089,0.7495223063061611,2.0145145775311115e-06,1,1,1,1,1
0.3564500074408939,0.668345947746853,0.0178208644958997,0.0,0.0,0.0,0.4455585388175054,0.7300191501059984,8.020025111589738e-06,1,1,1,1,1
0.3980990769077653,0.2488120716454923,0.0895719654300938,0.0,0.0,0.0,0.0995237787188304,0.5620207308031071,1.990485479408428e-06,1,1,1,1,1
2.5389195204827333,2.221558609259647,-0.0740620146174207,0.0,0.0,0.0,2.644688249438533,0.4933930398152527,3.596734165377837e-05,1,1,1,1,1
14.552618911680002,15.448256170265,-0.8954695897760009,0.0,0.0,0.0,18.80671399689,0.4993540789299875,0.0002059778349938,0,0,0,0,0
0.2144031765974645,0.1608027272157319,-0.0107216068728579,0.0,0.0,0.0,0.4288022160498526,0.6437050226675571,4.288040547711419e-06,1,1,1,1,1
5.362562876049721,5.005079453501356,0.5362430591840878,0.0,0.0,0.0,5.8987875310356666,0.5969519356066902,6.792543217556222e-05,0,1,1,1,1
3.58461483313618,3.1970902662040093,0.1065643552050742,0.0,0.0,0.0,3.875240507113973,0.5057372935707822,4.747169621214617e-05,1,1,1,1,1
2.238467939872117,1.975121024446847,0.5398617400589609,0.0,0.0,0.0,3.028467595396729,0.5044913491164775,7.900194213107739e-05,0,0,1,1,1
5.121873142177711,3.84140954121908,1.024368939976512,0.0,0.0,0.0,8.04862834909828,0.5224355515231115,0.0002789622239417,0,0,0,0,0
0.0,0.0,-0.0160997411161628,0.0,0.0,0.0,0.1609919681107109,0.7444558390981874,8.04952065104523e-06,1,1,1,1,1
28.54208872246,26.835573299975,0.5586568093380027,0.0,0.0,0.0,32.57561420544,0.5237879544685986,0.0003474667502241,0,0,0,0,0
8.765618323064167,9.678761592922084,2.008777127318494,0.0,0.0,0.0,12.78310001132,0.6798162155449801,0.0001826130466065,0,0,0,0,1
3.464076230461527,2.944461645946648,0.805397258590614,0.0,0.0,0.0,3.637276892033497,0.7276346441963784,5.455910613131771e-05,0,1,1,1,1
0.0,0.1214547362488947,-2.9502864239516444e-07,0.0,0.0,0.0,0.7287107164197957,0.6910315143094494,9.715930482517396e-06,1,1,1,1,1
0.2369550330433793,0.3554347954938638,0.0473896028724446,0.0,0.0,0.0,0.7108533083112969,0.628598102495569,7.108533083112968e-06,1,1,1,1,1
1.8811843936942696,1.7994007921307218,0.2126511449551478,0.0,0.0,0.0,2.3719145685446503,0.7877054670995002,2.5354886622761816e-05,1,1,1,1,1
7.258903582941039,7.124526424756535,2.0970069771077613,0.0,0.0,0.0,9.67832995039856,0.6192410576263896,0.0001451733881049,0,0,0,1,1
1.3307797149248055,1.1089850635290108,0.1108948413771068,0.0,0.0,0.0,2.994227794196743,0.5960021514081187,7.762666453747815e-05,0,0,1,1,1
0.0,0.0418902208117319,0.0083780441623463,0.0,0.0,0.0,0.0,0.6327937084819375,8.377931857253446e-07,1,1,1,1,1
9.28666314042646,14.17208620235823,-2.874597856366063,0.0,0.0,0.0,13.72843222919,0.6251354673239087,0.0002010785563044,0,0,0,0,0
14.966155109230002,12.828167234525,1.8600839861733212,0.0,0.0,0.0,14.11097641542,0.5213770602560073,0.0001795938613107,0,0,0,0,1
0.653272404793713,0.653280940313451,0.1306474387883099,0.0,0.0,0.0,0.9798830019695648,0.8688687903997596,1.6330636600875975e-05,1,1,1,1,1
0.1716434690518243,0.2574669712847695,0.0514925103897833,0.0,0.0,0.0,0.1716411121657503,0.65502024506918,5.149083119932444e-06,1,1,1,1,1
0.170337728614524,0.085168864307262,0.0511013185843572,0.0,0.0,0.0,0.1703345370307283,0.7929106765687811,1.7033569759281592e-06,1,1,1,1,1
10.01515626982,8.250584210777266,1.6501076715145435,0.0,0.0,0.0,11.15982006936,0.7536617563458361,0.0001154137439646,0,0,0,1,1
3.3353210499186385,3.4869247134512604,-0.0707447397156285,0.0,0.0,0.0,4.64923540291689,0.5795322464903326,5.659944471901913e-05,0,1,1,1,1
0.0,0.0,0.0,0.0,0.0,0.0,0.1118509429593745,0.7568942124966584,1.118509429593746e-06,1,1,1,1,1
2.9848444522934803,2.363014850983504,0.5472019929070256,0.0,0.0,0.0,2.487339442239004,0.4661448228516849,4.477166451099393e-05,1,1,1,1,1
0.0,0.0,-0.0114161506566569,0.0,0.0,0.0,0.114158639411672,0.562409386579967,5.707912422358122e-06,1,1,1,1,1
16.32414065376,18.098256942655,-0.7358674530110015,0.0,0.0,0.0,20.76080360279,0.682237269368765,0.0002288991371034,0,0,0,0,0
2.8884719708181805,1.856876541098372,0.0274962025638113,0.0,0.0,0.0,3.02597663395861,0.5507442527075613,3.851274771949515e-05,1,1,1,1,1
2.1636747852552776,3.0051269871501107,-0.8895550759028169,0.0,0.0,0.0,3.846421986148073,0.6100882032641699,7.21198921086414e-05,0,1,1,1,1
0.2485466236183914,0.2899714727253077,-5.62847313747307e-07,0.0,0.0,0.0,0.0828479135995678,0.4883155445054849,4.970829515460109e-06,1,1,1,1,1
8.33675988294624,8.266086215061424,0.466301735061204,0.0,0.0,0.0,11.02140130052,0.6908496935202638,0.0001356485910209,0,0,0,1,1
0.6471570391271146,0.7550221298836886,0.2588636067501564,0.0,0.0,0.0,1.509990745913857,0.6176185720233229,7.765415428154808e-05,0,0,1,1,1
0.4348746256454264,0.2899168373570323,-2.2694300259139856e-06,0.0,0.0,0.0,0.289913055074783,0.7896216924544329,8.697189937931055e-06,1,1,1,1,1
0.463601488160777,0.4636047121007131,0.0463569248215863,0.0,0.0,0.0,0.6953861131393206,0.6415864075194418,9.271922301291115e-06,1,1,1,1,1
9.700747263878707,11.845087262234356,0.4084971540996383,0.0,0.0,0.0,13.070720768549998,0.401054643782013,0.0001603194134555,0,0,0,0,1
6.989741854853817,7.129526529829136,0.7268982883216911,0.0,0.0,0.0,5.312174105108355,0.5046229894119982,7.548963415486559e-05,0,0,1,1,1
2.008314421705862,1.6912157757250008,0.3910877694787192,0.0,0.0,0.0,1.9025995852332904,0.7031500707132846,2.2197182860392404e-05,1,1,1,1,1
1.32513835649113,1.204676457662113,-0.5902984244339267,0.0,0.0,0.0,2.529791304264024,0.5470095457458548,5.0595155634312674e-05,0,1,1,1,1
0.5066228269047119,0.6754985284704804,0.0759917128998863,0.0,0.0,0.0,1.097672596350323,0.4533033190241859,2.701933655707793e-05,1,1,1,1,1
0.3555783125675599,0.5333725263607282,-0.17779813350187,0.0,0.0,0.0,2.133431945298805,0.5391786998154582,2.133431945298805e-05,1,1,1,1,1
4.157866556242783,3.521463306081017,0.6873152970184225,0.0,0.0,0.0,5.770076046208128,0.3728724965931095,6.873149659015409e-05,0,1,1,1,1
2.776247282481025,3.950818913281293,-1.5162767389409944,0.0,0.0,0.0,5.979635071413928,0.7442296521560856,8.755763321039672e-05,0,0,1,1,1
1.5464754535683631,0.9021126742676404,-1.1856572231992022,0.0,0.0,0.0,2.835183075503503,0.5017088421627808,2.835183075503503e-05,1,1,1,1,1
2.5215540337510007,2.416494139349996,-0.3152217631015364,0.0,0.0,0.0,4.622781065088757,0.745889927380312,6.723946284074124e-05,0,1,1,1,1
7.345720100941495,7.797750430096276,0.112995101274598,0.0,0.0,0.0,12.318277158970002,0.7307235914219586,0.0001231827715897,0,0,0,1,1
2.830304383512533,3.930982266303457,-1.5566966846757126,0.0,0.0,0.0,5.975049451396117,0.7481673894379994,8.019107489060208e-05,0,0,1,1,1
0.0,0.0,-0.13766690004647,0.0,0.0,0.0,0.0,0.8106253687315634,1.966549001484745e-06,1,1,1,1,1
0.6363347120585428,0.7158790818436258,0.0477208516252744,0.0,0.0,0.0,0.7954070018087556,0.7497792745569981,1.2726370311923336e-05,1,1,1,1,1
2.437158400461153,2.8610155160869746,-1.176206008236829,0.0,0.0,0.0,4.662424566738899,0.6100337495960115,5.933950888079329e-05,0,1,1,1,1
4.597111562219484,3.871278478643712,0.2902851097305081,0.0,0.0,0.0,6.290692919825119,0.6063502125528357,6.532611036241474e-05,0,1,1,1,1
0.0,0.0709444263930293,0.0141888852786058,0.0,0.0,0.0,0.1418848264110091,0.6853689785853232,1.4188603429952993e-06,1,1,1,1,1
2.0289394395392955,3.381613760484525,-1.2174007138325458,0.0,0.0,0.0,4.05776910617491,0.6489015280882159,5.410431989179136e-05,0,1,1,1,1
0.5541926521443561,0.277096326072178,0.1477844001038929,0.0,0.0,0.0,0.7389139811761664,0.6861869267643881,7.389194411552267e-06,1,1,1,1,1
0.1537588661206176,0.1537591025392338,-0.1845143748071516,0.0,0.0,0.0,0.4612680874748801,0.5807657357764141,4.6126808747488015e-06,1,1,1,1,1
29.66965954339,31.80426398886,5.112913052497,0.0,0.0,0.0,29.45182382335,0.7396809130284357,0.0003317377804443,0,0,0,0,0
2.981940092823535,3.51444663478764,0.6176761578199895,0.0,0.0,0.0,4.685845976242761,0.6170151587117332,7.667600978045102e-05,0,0,1,1,1
14.92065811421,16.30971356183,1.6773553070099998,0.0,0.0,0.0,18.21384911112,0.3963508501854313,0.0002099199525827,0,0,0,0,0
6.527741814755743,8.812463523177872,-1.283823549800276,0.0,0.0,0.0,11.31470323926,0.4602886554868695,0.0001392569769921,0,0,0,1,1
0.0,0.0,0.0,0.0,0.0,0.0,0.0,0.7585783213709927,0.0,1,1,1,1,1
1.1033387029150208,1.8389357126129608,0.5516751678541519,0.0,0.0,0.0,1.8388504977768292,0.6474923595761818,2.941966042356956e-05,1,1,1,1,1
0.0,0.0468278794463071,0.0093655758892614,0.0,0.0,0.0,0.0936543554894564,0.7750356823094415,2.8096122454140102e-06,1,1,1,1,1
0.3472764841728742,0.1736382420864371,0.1041829452518622,0.0,0.0,0.0,0.347263218574415,0.5230513324489696,6.945119664411818e-06,1,1,1,1,1
0.0,0.0712896584369884,-0.014258053661089,0.0,0.0,0.0,0.0,0.6635375571559132,4.277251438225796e-06,1,1,1,1,1
5.706856609877499,5.171863610784952,1.1770245452043302,0.0,0.0,0.0,5.52849762185433,0.5885424561866563,8.381766269989175e-05,0,0,1,1,1
3.0952929261413584,3.0953005908499565,0.0990433644897229,0.0,0.0,0.0,3.095266100026619,0.6013000117620112,5.323890649762282e-05,0,1,1,1,1
0.2547605187433683,0.1273802593716841,0.0382134936762791,0.0,0.0,0.0,0.12737847456634,0.6318494590236186,2.547592206915439e-06,1,1,1,1,1
0.0,0.0,-0.1645539764468409,0.0,0.0,0.0,0.0,0.8126499729877225,2.7422428804519216e-06,1,1,1,1,1
0.0908712554227421,0.045435627711371,0.0272613766268226,0.0,0.0,0.0,0.27261079357002,0.5253955128263378,5.452146510081019e-06,1,1,1,1,1
0.0,0.0,-0.0818351812171892,0.0,0.0,0.0,0.0,0.7296487086219619,1.3638452799360629e-06,1,1,1,1,1
1.896231518714132,2.9558791109833544,-0.6358041947422634,0.0,0.0,0.0,2.6770207881818453,0.6797167712006104,4.350192747001713e-05,1,1,1,1,1
2.34535632477452,2.8665642759089014,-0.0521391312455683,0.0,0.0,0.0,3.127084723148766,0.8221496622748499,3.908917021509468e-05,1,1,1,1,1
8.73966137784734,7.888399652875364,1.2258129984659296,0.0,0.0,0.0,12.93947390823,0.8249868051417383,0.0002009048664379,0,0,0,0,0
1.4499057561258522,2.509464211940536,-0.8922660911513891,0.0,0.0,0.0,3.903588066619749,0.4572105405800286,3.903588066619749e-05,1,1,1,1,1
2.2905666220464287,2.198944922557419,-4.793410644839618e-06,0.0,0.0,0.0,2.015691240080738,0.6896614280072968,2.1073135691753165e-05,1,1,1,1,1
0.0,0.0786799394479186,-1.4857419167115518e-07,0.0,0.0,0.0,0.157357897950256,0.5678039446477858,1.573593836547661e-06,1,1,1,1,1
0.0,0.0,0.0,0.0,0.0,0.0,0.0,0.8365150609258027,0.0,1,1,1,1,1
6.7989320446742125,5.360727191719466,0.4183387865911324,0.0,0.0,0.0,4.707026806517663,0.5992646578122263,6.276035742023551e-05,0,1,1,1,1
2.5232305425282098,2.733500992374563,-0.3364351603334065,0.0,0.0,0.0,3.9530445592229153,0.6064458176368027,5.13052561814423e-05,0,1,1,1,1
18.64411549501,17.588642803625,0.8795294956290018,0.0,0.0,0.0,21.81063444321,0.6681617504793063,0.0002181063444321,0,0,0,0,0
0.9651402080627812,1.3404771112013485,-1.0723913490263657,0.0,0.0,0.0,2.5737017015385373,0.5235359658727154,3.217130576895855e-05,1,1,1,1,1
4.578610934231645,4.1970632581866685,0.4493742329739268,0.0,0.0,0.0,7.461427388017118,0.5031342234477052,0.0001483840552429,0,0,0,1,1
9.324731627050904,8.105333766666659,-0.2725507416293783,0.0,0.0,0.0,8.607395187031525,0.3787899436932898,0.0001190693083794,0,0,0,1,1
0.1138289674232878,0.1707438398472738,0.011382767171312,0.0,0.0,0.0,0.227655861740042,0.5213114343571397,4.553044677889163e-06,1,1,1,1,1
2.094318811171562,1.803441198508845,0.0232672578106241,0.0,0.0,0.0,2.094294443836841,0.7109024314758493,2.676055354786765e-05,1,1,1,1,1
1.8903897983764253,2.160461893346829,0.5131032497742782,0.0,0.0,0.0,1.89034385354696,0.7530724838848186,2.430468351251286e-05,1,1,1,1,1
0.6183934961494698,0.4122640303966346,-0.123691149307805,0.0,0.0,0.0,1.8551384242454223,0.7107942259847178,2.2673773864147e-05,1,1,1,1,1
0.6558292445502931,0.5152949331016061,0.1124265625865571,0.0,0.0,0.0,0.3747564083345825,0.7879768775296058,6.558255578967487e-06,1,1,1,1,1
8.157043138723221,8.691931213393596,-2.1127969514496368,0.0,0.0,0.0,10.697790104,0.7850706990203499,0.0001404079318446,0,0,0,1,1
3.317835355738307,3.2072648172978133,0.2432725032115173,0.0,0.0,0.0,4.866072416004954,0.3816350003317776,6.635421205479089e-05,0,1,1,1,1
7.123798668497267,6.152374932616116,-0.8678100468443029,0.0,0.0,0.0,8.548613764563406,0.6974140443362196,0.0001152763134375,0,0,0,1,1
5.727303967112548,6.363704484343786,-0.1431960643141284,0.0,0.0,0.0,9.06814472122614,0.8237104939116158,9.22719094080757e-05,0,0,1,1,1
7.809323873332766,7.005415764374719,0.6430995816265671,0.0,0.0,0.0,10.10604456306,0.5627436073526068,0.0001148424705831,0,0,0,1,1
15.07132281886,12.04228910731159,3.871247487738921,0.0,0.0,0.0,26.15329376354,0.628604019923786,0.0002615329376354,0,0,0,0,0
0.14149715307728,0.1414977537257093,0.014148934453296,0.0,0.0,0.0,0.282991903601638,0.4322107044517456,4.244866541395938e-06,1,1,1,1,1
1.155368642584044,0.9776221087473068,-0.0622159490779586,0.0,0.0,0.0,1.7774823207164676,0.7228825075298595,2.8439262178891847e-05,1,1,1,1,1
0.9075370955787818,0.756284573575857,-1.8120800159023515e-05,0.0,0.0,0.0,0.6050009377514536,0.6882278917532322,1.2100311583023262e-05,1,1,1,1,1
0.0,0.0,-0.0402906669443763,0.0,0.0,0.0,0.100724308502441,0.7600666392025052,1.0072461286495046e-06,1,1,1,1,1
0.4455561565613045,0.3564451634738146,-0.0534685493092446,0.0,0.0,0.0,0.4455537743305777,0.7534608389421128,5.346659585313082e-06,1,1,1,1,1
0.0995228872783874,0.0995232339489807,-0.0796197559435547,0.0,0.0,0.0,0.2985680675480396,0.5698470137221884,2.985680675480396e-06,1,1,1,1,1
2.221512278615722,2.380198441568421,0.0951955828652006,0.0,0.0,0.0,2.433069433454493,0.4952438781857342,2.64465187918384e-05,1,1,1,1,1
8.507799189072404,10.522790224781204,-1.7911086511842775,0.0,0.0,0.0,13.20938896501,0.5098600252545606,0.0001544816469086,0,0,0,0,1
0.214399039492303,0.2143993842455228,0.0428793252384832,0.0,0.0,0.0,0.1071983705847671,0.6529924425148738,3.215913196071012e-06,1,1,1,1,1
5.183736651878121,5.094384248196616,0.3217358476191829,0.0,0.0,0.0,5.004933434385323,0.6152832792323862,5.8986293730293215e-05,0,1,1,1,1
3.4877164564025755,3.633032484665897,0.4747158639707715,0.0,0.0,0.0,5.328455697281711,0.5138937060281303,6.684770445951693e-05,0,1,1,1,1
6.978560020224657,6.583575708909636,1.277187384173853,0.0,0.0,0.0,11.32371607493,0.5132408475406469,0.0001395697302222,0,0,0,1,1
23.04836589829,21.219130509535,5.4602769877514366,0.0,0.0,0.0,26.98183893579,0.5288605066366178,0.0002789622239417,0,0,0,0,0
0.3219808260418092,0.4024768100921576,0.048296113093516,0.0,0.0,0.0,0.4829619087942534,0.7469134709345474,1.1268857225188792e-05,1,1,1,1,1
15.51248599998,17.99438846852,-2.698883232332,0.0,0.0,0.0,18.92523291997,0.5346037025201584,0.000195459749253,0,0,0,0,1
5.478391398195053,8.582898561412527,-2.4470873900344823,0.0,0.0,0.0,6.2087075297013605,0.6871614884828475,0.0001059151802018,0,0,0,1,1
3.8104805535589024,3.940386824651294,0.1212441680419226,0.0,0.0,0.0,5.455920062976906,0.741001412477083,5.715750530005958e-05,0,1,1,1,1
0.0,0.4858036041769393,-0.0728724876917483,0.0,0.0,0.0,0.7286859363614282,0.7109230021860579,1.943105860407275e-05,1,1,1,1,1
0.0,0.2369471726278626,-0.236952562550444,0.0,0.0,0.0,0.2369409969529388,0.6447496244485198,4.738876080759926e-06,1,1,1,1,1
0.6543196547809501,1.2677451004423796,-0.2371922462291046,0.0,0.0,0.0,1.635779068407463,0.8091258478447384,2.780817593087869e-05,1,1,1,1,1
11.56007204882,11.02240837264,2.043123413789736,0.0,0.0,0.0,10.75346866573,0.627024004430429,0.0001451733881049,0,0,0,1,1
6.653765754176624,6.431990779587924,1.2752895334307337,0.0,0.0,0.0,10.97866479474,0.5963677253869979,0.0001774378856501,0,0,0,0,1
0.0,0.0,-0.0083779669522715,0.0,0.0,0.0,0.0,0.6436890617329046,8.377861668099281e-07,1,1,1,1,1
0.7268022879736026,1.04982774439042,-1.1547849483884276,0.0,0.0,0.0,1.938139434596273,0.6343772636862928,3.068713336951185e-05,1,1,1,1,1
10.4762189829,10.262418595495,0.1923838255473209,0.0,0.0,0.0,14.96573914716,0.5213742824462569,0.0001539346333683,0,0,0,0,1
1.959682792678625,1.306462662649962,0.3265985432022105,0.0,0.0,0.0,1.633031657951721,0.8808180835393675,1.95954838941452e-05,1,1,1,1,1
0.3432780998870615,0.2574591641186106,0.0858192303679843,0.0,0.0,0.0,0.1716340418958696,0.6606606194272572,5.149083119932444e-06,1,1,1,1,1
0.1703310554393519,0.0851655277196759,0.0510993166318055,0.0,0.0,0.0,0.1703296048182838,0.8022285925494425,1.7032960481828383e-06,1,1,1,1,1
8.489142482148955,7.916826730857976,-0.2956637855364404,0.0,0.0,0.0,10.77844197144,0.7538499545493133,0.0001135070531756,0,0,0,1,1
3.2342539839439506,3.33532094776992,6.333445223842825e-07,0.0,0.0,0.0,4.952451412914174,0.5886018825379595,5.760979973014357e-05,0,1,1,1,1
0.0,0.0559250961632028,-0.0335557332743105,0.0,0.0,0.0,0.1118488161921293,0.769383399846096,2.2369638137548667e-06,1,1,1,1,1
2.4872899483638604,2.3629365869567787,0.074601623008593,0.0,0.0,0.0,4.477043957109919,0.4661348933344277,4.477043957109919e-05,1,1,1,1,1
0.1141578574853307,0.1141580529662465,-0.0456638467291783,0.0,0.0,0.0,0.1141562936647823,0.5705748454323784,2.283138905029413e-06,1,1,1,1,1
7.896518345209164,9.89271840425958,-1.5702126891132524,0.0,0.0,0.0,9.13883757535105,0.700875198969352,0.0001313149865002,0,0,0,1,1
1.925613548616928,2.338243131492781,0.1375370899172044,0.0,0.0,0.0,3.1634775145519964,0.5523679316908925,4.951495970720154e-05,1,1,1,1,1
3.60599460543207,4.567593166880623,0.2644193190645216,0.0,0.0,0.0,4.807900341841714,0.610079282276637,6.971338184423146e-05,0,1,1,1,1
0.4142371656898954,0.4556617059052757,0.132555693970654,0.0,0.0,0.0,0.3313880852727821,0.4979105981223551,5.799229033923004e-06,1,1,1,1,1
10.31495951731,10.45623787105,1.0173666488585609,0.0,0.0,0.0,15.54313360877,0.7051905588180436,0.0001879314120996,0,0,0,0,1
7.334145841647163,4.961342327314775,2.049239652405308,0.0,0.0,0.0,9.275337309505064,0.6313937812098922,0.0001315815017979,0,0,0,1,1
0.8697303401080496,0.8697328615588844,0.2754141244144906,0.0,0.0,0.0,1.4495295551828655,0.7898834433284677,1.5944801994549776e-05,1,1,1,1,1
0.695363547652105,0.5794739211716847,0.0927091221407471,0.0,0.0,0.0,1.6224622951351628,0.6553704660870613,1.622462295135163e-05,1,1,1,1,1
5.207902532572367,4.1356857411361245,-1.0517546558774007,0.0,0.0,0.0,8.475597427503008,0.4072269274836053,0.0001307092097913,0,0,0,1,1
5.312040438606791,5.172278040671458,0.139730035486055,0.0,0.0,0.0,6.430238897353817,0.5046339656401583,7.548646835159919e-05,0,0,1,1,1
0.9512887319849695,0.8455907660440659,-0.0951364145882289,0.0,0.0,0.0,1.3740764620702048,0.7119534082381169,1.3740764620702048e-05,1,1,1,1,1
5.059546038254987,3.734434093757452,1.0600878431150966,0.0,0.0,0.0,6.866493679211871,0.5617647129685177,0.0001216701822522,0,0,0,1,1
2.955242431201956,2.406416399375771,0.7092545902409363,0.0,0.0,0.0,4.221767772375791,0.4630004272428986,7.599181990276425e-05,0,0,1,1,1
0.0,0.1777834668487169,-0.9956089075376962,0.0,0.0,0.0,1.7777777777777777,0.5464106666666667,3.199931734789658e-05,1,1,1,1,1
4.3275313300540255,4.285106352341396,-0.1866888023397812,0.0,0.0,0.0,6.1943200630632695,0.3801479678811776,7.976261288743205e-05,0,0,1,1,1
8.115149703156366,5.552480426935305,1.3881103240905617,0.0,0.0,0.0,8.115063051904372,0.7558497859118234,8.755763321039672e-05,0,0,1,1,1
1.8041562605510924,1.5464312770385735,0.2061736756265209,0.0,0.0,0.0,2.835080774028598,0.5113686739038547,3.6081916259026925e-05,1,1,1,1,1
1.4708632496412144,3.256948569414475,-0.3782380058971562,0.0,0.0,0.0,5.673246231493661,0.7536004101546905,6.093461085896789e-05,0,1,1,1,1
