ID,Seed,Size S0,Size I0,Distributing S0 to Ss,Distributing I0 to Is,Size S by age-0,Size S by age-1,Size S by age-2,Size S by age-3,Size S by age-4,Size S by age-5,Size S by age-6,Size S by age-7,Size I by age-0,Size I by age-1,Size I by age-2,Size I by age-3,Size I by age-4,Size I by age-5,Size I by age-6,Size I by age-7,Base contact matrix,R0,Duration of infectiousness-dominant,Prob Hosp for 18-29,Relative prob hosp by age-0,Relative prob hosp by age-1,Relative prob hosp by age-2,Relative prob hosp by age-3,Relative prob hosp by age-4,Relative prob hosp by age-5,Relative prob hosp by age-6,Relative prob hosp by age-7,Ratio of hospitalization probability by profile-0,Ratio of hospitalization probability by profile-1,Ratio of hospitalization probability by profile-2,Infectivity-dominant,Ratio transmissibility by profile-0,Ratio transmissibility by profile-1,Ratio transmissibility by profile-2,Infectivity by profile-0,Infectivity by profile-1,Infectivity by profile-2,Ratio of infectiousness duration by profile-0,Ratio of infectiousness duration by profile-1,Ratio of infectiousness duration by profile-2,Duration of E-0,Duration of E-1,Duration of E-2,Duration of I-0,Duration of I-1,Duration of I-2,Duration of Hosp-0,Duration of Hosp-1,Duration of Hosp-2,Duration of R-0,Duration of R-1,Duration of R-2,Duration of vaccine immunity,Rates of leaving E-0,Rates of leaving E-1,Rates of leaving E-2,Rates of leaving I-0,Rates of leaving I-1,Rates of leaving I-2,Rates of leaving Hosp-0,Rates of leaving Hosp-1,Rates of leaving Hosp-2,Rates of leaving R-0,Rates of leaving R-1,Rates of leaving R-2,Importation rate-0,Importation rate-1,Importation rate-2,Importation rate-3,Importation rate-4,Importation rate-5,Importation rate-6,Importation rate-7,Prob novel strain params-0,Prob novel strain params-1,Prob novel strain params-2,Prob novel strain,Vaccine effectiveness against infection with novel,Susceptibility of vaccinated against novel,Vaccination rate params-0,Vaccination rate params-1,Vaccination rate params-2,Vaccination rate params-3,Vaccination rate t_min by age-0,Vaccination rate t_min by age-1,Vaccination rate t_min by age-2,Vaccination rate t_min by age-3,Vaccination rate t_min by age-4,Vaccination rate t_min by age-5,Vaccination rate t_min by age-6,Vaccination rate t_min by age-7,Vaccination rate-0,Vaccination rate-1,Vaccination rate-2,Vaccination rate-3,Vaccination rate-4,Vaccination rate-5,Vaccination rate-6,Vaccination rate-7,Rate of losing vaccine immunity,PD Y1 thresholds-0,PD Y1 thresholds-1,Change in contacts - PD Y1,Change in contacts - PD Y1+,Matrix of change in contacts - PD Y1,Matrix of change in contacts - PD Y1+,Prob Hosp-age 0-0,Prob Hosp-age 0-1,Prob Hosp-age 0-2,Prob Hosp-age 1-0,Prob Hosp-age 1-1,Prob Hosp-age 1-2,Prob Hosp-age 2-0,Prob Hosp-age 2-1,Prob Hosp-age 2-2,Prob Hosp-age 3-0,Prob Hosp-age 3-1,Prob Hosp-age 3-2,Prob Hosp-age 4-0,Prob Hosp-age 4-1,Prob Hosp-age 4-2,Prob Hosp-age 5-0,Prob Hosp-age 5-1,Prob Hosp-age 5-2,Prob Hosp-age 6-0,Prob Hosp-age 6-1,Prob Hosp-age 6-2,Prob Hosp-age 7-0,Prob Hosp-age 7-1,Prob Hosp-age 7-2,Prob Death|Hosp-age0-0,Prob Death|Hosp-age0-1,Prob Death|Hosp-age0-2,Prob Death|Hosp-age1-0,Prob Death|Hosp-age1-1,Prob Death|Hosp-age1-2,Prob Death|Hosp-age2-0,Prob Death|Hosp-age2-1,Prob Death|Hosp-age2-2,Prob Death|Hosp-age3-0,Prob Death|Hosp-age3-1,Prob Death|Hosp-age3-2,Prob Death|Hosp-age4-0,Prob Death|Hosp-age4-1,Prob Death|Hosp-age4-2,Prob Death|Hosp-age5-0,Prob Death|Hosp-age5-1,Prob Death|Hosp-age5-2,Prob Death|Hosp-age6-0,Prob Death|Hosp-age6-1,Prob Death|Hosp-age6-2,Prob Death|Hosp-age7-0,Prob Death|Hosp-age7-1,Prob Death|Hosp-age7-2,Logit of prob death in Hosp0-0,Logit of prob death in Hosp0-1,Logit of prob death in Hosp0-2,Logit of prob death in Hosp1-0,Logit of prob death in Hosp1-1,Logit of prob death in Hosp1-2,Logit of prob death in Hosp2-0,Logit of prob death in Hosp2-1,Logit of prob death in Hosp2-2,Logit of prob death in Hosp3-0,Logit of prob death in Hosp3-1,Logit of prob death in Hosp3-2,Logit of prob death in Hosp4-0,Logit of prob death in Hosp4-1,Logit of prob death in Hosp4-2,Logit of prob death in Hosp5-0,Logit of prob death in Hosp5-1,Logit of prob death in Hosp5-2,Logit of prob death in Hosp6-0,Logit of prob death in Hosp6-1,Logit of prob death in Hosp6-2,Logit of prob death in Hosp7-0,Logit of prob death in Hosp7-1,Logit of prob death in Hosp7-2,Rate of death in Hosp0-0,Rate of death in Hosp0-1,Rate of death in Hosp0-2,Rate of death in Hosp1-0,Rate of death in Hosp1-1,Rate of death in Hosp1-2,Rate of death in Hosp2-0,Rate of death in Hosp2-1,Rate of death in Hosp2-2,Rate of death in Hosp3-0,Rate of death in Hosp3-1,Rate of death in Hosp3-2,Rate of death in Hosp4-0,Rate of death in Hosp4-1,Rate of death in Hosp4-2,Rate of death in Hosp5-0,Rate of death in Hosp5-1,Rate of death in Hosp5-2,Rate of death in Hosp6-0,Rate of death in Hosp6-1,Rate of death in Hosp6-2,Rate of death in Hosp7-0,Rate of death in Hosp7-1,Rate of death in Hosp7-2
0,1312981556,500000,5,[ 30071  49734  31981  81717 127915  96037  47916  34629],[0 0 0 0 2 2 1 0],30071,49734,31981,81717,127915,96037,47916,34629,0,0,0,0,2,2,1,0,"[[2.598 1.312 0.316 2.551 1.08  1.146 0.258 0.141]
 [0.786 6.398 2.266 3.28  1.306 1.069 0.365 0.207]
 [0.295 3.533 6.294 3.624 1.687 5.178 0.296 0.216]
 [0.419 0.652 2.026 4.244 1.944 6.492 0.23  0.104]
 [0.591 1.268 0.899 6.79  2.366 2.691 0.412 0.195]
 [0.336 0.678 0.562 3.176 2.944 1.655 0.476 0.173]
 [0.161 0.379 0.197 1.105 0.951 0.392 1.144 0.253]
 [0.122 0.299 0.2   0.729 0.482 0.247 0.352 0.396]]",2.7873504370506206,0.010075911465018406,0.001123077190839284,0.3642180813536022,0.5811104662344854,0.14772409140064038,1,2.3131044737218915,3.9360158245674453,14.177764593382634,45.19820498372793,1,1.3465012517678914,0.14257470222742463,19.12550218432989,1,1.5416069251634434,0.22257420573561554,19.12550218432989,29.48400661459152,4.256843457972005,1,0.9482274673517903,0.049803084943105425,0.012578302755181077,0.012639645808572124,0.014126754611640417,0.010075911465018406,0.00955425600973527,0.0005018114745715215,0.030324705181414603,0.035106381009763925,0.03252499896378166,1.224365282884712,0.4700512436021267,1.220140760354945,0.7155748689024677,79.50198206098149,79.11614100149916,70.78766691225754,99.24660448554003,104.66539717808001,1992.780258470302,32.97641292858734,28.484850082435898,30.745581302356197,0.8167497183878918,2.1274276232879124,0.8195775704674394,15.6,26.0,16.64,42.38,66.56,49.92,24.96,17.94,7.3862301947436695,1.9182675257534059,0.5858107249681821,0.5442403603995254,0.7953168262434805,0.20468317375651945,-10.30480431709991,0.3596081069193644,0.0,2.775919344047929,100,1.8480571350216262,1.0074062814827904,1.341563237829723,0.9486872193554843,1.1633160617016685,1.0964687916566325,0.8150907885985021,0,0.9797520840935829,0.0002617905820898556,0.008169100256014248,0.0001429506189208411,0.0013047788244691834,0.0006553535215155573,3.6084112478430014e-05,1.3974778090429267,0.0004970561458928726,0.0002049203364318188,-0.5143693289940411,-0.5816830277969476,"[[-0.51436933 -0.51436933 -0.51436933 -0.51436933 -0.51436933 -0.51436933
  -0.51436933 -0.51436933]
 [-0.51436933 -0.51436933 -0.51436933 -0.51436933 -0.51436933 -0.51436933
  -0.51436933 -0.51436933]
 [-0.51436933 -0.51436933 -0.51436933 -0.51436933 -0.51436933 -0.51436933
  -0.51436933 -0.51436933]
 [-0.51436933 -0.51436933 -0.51436933 -0.51436933 -0.51436933 -0.51436933
  -0.51436933 -0.51436933]
 [-0.51436933 -0.51436933 -0.51436933 -0.51436933 -0.51436933 -0.51436933
  -0.51436933 -0.51436933]
 [-0.51436933 -0.51436933 -0.51436933 -0.51436933 -0.51436933 -0.51436933
  -0.51436933 -0.51436933]
 [-0.51436933 -0.51436933 -0.51436933 -0.51436933 -0.51436933 -0.51436933
  -0.51436933 -0.51436933]
 [-0.51436933 -0.51436933 -0.51436933 -0.51436933 -0.51436933 -0.51436933
  -0.51436933 -0.51436933]]","[[-0.51436933 -0.51436933 -0.51436933 -0.51436933 -0.51436933 -0.51436933
  -0.51436933 -0.51436933]
 [-0.51436933 -0.51436933 -0.51436933 -0.51436933 -0.51436933 -0.51436933
  -0.51436933 -0.51436933]
 [-0.51436933 -0.51436933 -0.51436933 -0.51436933 -0.51436933 -0.51436933
  -0.51436933 -0.51436933]
 [-0.51436933 -0.51436933 -0.51436933 -0.51436933 -0.51436933 -0.51436933
  -0.51436933 -0.51436933]
 [-0.51436933 -0.51436933 -0.51436933 -0.51436933 -0.51436933 -0.51436933
  -0.51436933 -0.51436933]
 [-0.51436933 -0.51436933 -0.51436933 -0.51436933 -0.51436933 -0.51436933
  -0.51436933 -0.51436933]
 [-0.51436933 -0.51436933 -0.51436933 -0.51436933 -0.51436933 -0.51436933
  -0.51436933 -0.51436933]
 [-0.51436933 -0.51436933 -0.51436933 -0.51436933 -0.51436933 -0.51436933
  -0.51436933 -0.51436933]]",0.0004090450196594773,0.0005507796310009079,5.8319471875561034e-05,0.0006526319099859324,0.0008787696837397278,9.304880023035971e-05,0.0001659055575895168,0.00022339204096953437,2.365393547120021e-05,0.001123077190839284,0.0015122248432970628,0.00016012239606232346,0.002597794874465362,0.003497934050303822,0.00037037983067482894,0.004420449595354174,0.005952140913521264,0.0006302442847689611,0.01592272403191683,0.021439967840530698,0.0022701776375000002,0.05076107308410329,0.0683498484488265,0.007237244879710566,0.0020498861396795937,0.0022303257987260493,0.0028655134214828435,0.0023753681580123906,0.0019350222613889207,0.0018361967004651564,0.0023115565658030314,0.0016302360377220282,0.0016318911047987622,0.029774540141253948,0.03277248161892286,0.02078051848075688,0.022541049163198795,0.01953686106380507,0.028032102653648024,0.06341584542718431,0.08029498694730362,0.058970530854751915,0.10360943085276558,0.19622665512498058,0.14939928860324708,0.2201304967896123,0.276320609594021,0.19489786766409287,0.0020540968042481824,0.0022353112711222165,0.0028737481854782935,0.002381023966525941,0.0019387738319134717,0.0018395745211311173,0.0023169122395026434,0.001632898046964115,0.0016345585263181338,0.03068826924577797,0.033882908618829075,0.02122151251373823,0.023060865260788124,0.019926155597244193,0.028840564313060882,0.06770971419659437,0.08730515307379645,0.06266597677149875,0.1155851415877039,0.2441318269337388,0.175639740951923,0.28226580970717485,0.38182738552082723,0.24207843928896342,0.0677367444121797,0.06367250644549556,0.08835505847912146,0.07851762951302234,0.055225681945805016,0.056558788001179736,0.0764034547291372,0.04651285606767518,0.050255452064373714,1.011989038712442,0.9651495723642214,0.6524677383501082,0.7604646153302641,0.5675935549067918,0.886719914893046,2.232823494623528,2.4868741967312094,1.9267018837196797,3.8115833574053566,6.954058490558736,5.40014593536213,9.308113896525853,10.87629583392922,7.442842336706323
1,1715927250,500000,1,[ 30072  49792  31791  80977 128416  96271  48175  34506],[0 0 0 0 0 0 0 1],30072,49792,31791,80977,128416,96271,48175,34506,0,0,0,0,0,0,0,1,"[[2.598 1.312 0.316 2.551 1.08  1.146 0.258 0.141]
 [0.786 6.398 2.266 3.28  1.306 1.069 0.365 0.207]
 [0.295 3.533 6.294 3.624 1.687 5.178 0.296 0.216]
 [0.419 0.652 2.026 4.244 1.944 6.492 0.23  0.104]
 [0.591 1.268 0.899 6.79  2.366 2.691 0.412 0.195]
 [0.336 0.678 0.562 3.176 2.944 1.655 0.476 0.173]
 [0.161 0.379 0.197 1.105 0.951 0.392 1.144 0.253]
 [0.122 0.299 0.2   0.729 0.482 0.247 0.352 0.396]]",2.092498676519407,0.012739135037294432,0.0020065464129599836,0.5225151797384076,0.48046995343884064,0.2375381653564767,1,1.3766565262348007,4.168069780317556,15.024883210472755,35.60740910701064,1,0.9709409950128801,0.2561055633273142,11.356143387817736,1,1.4613978857083834,0.20831931754826633,11.356143387817736,16.59584393675808,2.365704040530448,1,1.039314801876369,0.3360940673776524,0.01241085876073418,0.01081603121433641,0.011382484116214323,0.012739135037294432,0.013239971607361973,0.004281547709557448,0.03252512957363523,0.03498383428259357,0.03085414352809284,0.7165256213115885,0.8350869293702401,0.7497398815869335,0.6907628090841055,80.57460158710595,92.45535448108934,87.85428468777762,78.49826515477321,75.5288628748991,233.5604010128764,30.745457838562984,28.584631173420473,32.410557729126246,1.3956235063437317,1.1974801243196622,1.3337959265063433,15.6,26.0,16.64,42.38,66.56,49.92,24.96,17.94,7.010675532780645,1.7424978008061096,0.48992485717919854,0.47779478724304547,0.5227656177698436,0.47723438223015635,-18.259673190584436,0.6279852204967185,0.0,2.034437232502996,100,1.9334532790557788,1.3471974834584728,1.2036774138724262,0.9885668381758193,1.2496262140884373,0.8244776388254765,1.085299511475756,0,2.0251594540951725,0.009914828501304712,0.0007246482292623915,1.4270390040825125e-05,0.0016761058901452624,7.131797929607221e-07,8.34677017410185e-05,1.4476749281362116,0.00034610978178612096,0.00044858283370796307,-0.7070104267043626,-0.6848540878104153,"[[-0.70701043 -0.70701043 -0.70701043 -0.70701043 -0.70701043 -0.70701043
  -0.70701043 -0.70701043]
 [-0.70701043 -0.70701043 -0.70701043 -0.70701043 -0.70701043 -0.70701043
  -0.70701043 -0.70701043]
 [-0.70701043 -0.70701043 -0.70701043 -0.70701043 -0.70701043 -0.70701043
  -0.70701043 -0.70701043]
 [-0.70701043 -0.70701043 -0.70701043 -0.70701043 -0.70701043 -0.70701043
  -0.70701043 -0.70701043]
 [-0.70701043 -0.70701043 -0.70701043 -0.70701043 -0.70701043 -0.70701043
  -0.70701043 -0.70701043]
 [-0.70701043 -0.70701043 -0.70701043 -0.70701043 -0.70701043 -0.70701043
  -0.70701043 -0.70701043]
 [-0.70701043 -0.70701043 -0.70701043 -0.70701043 -0.70701043 -0.70701043
  -0.70701043 -0.70701043]
 [-0.70701043 -0.70701043 -0.70701043 -0.70701043 -0.70701043 -0.70701043
  -0.70701043 -0.70701043]]","[[-0.70701043 -0.70701043 -0.70701043 -0.70701043 -0.70701043 -0.70701043
  -0.70701043 -0.70701043]
 [-0.70701043 -0.70701043 -0.70701043 -0.70701043 -0.70701043 -0.70701043
  -0.70701043 -0.70701043]
 [-0.70701043 -0.70701043 -0.70701043 -0.70701043 -0.70701043 -0.70701043
  -0.70701043 -0.70701043]
 [-0.70701043 -0.70701043 -0.70701043 -0.70701043 -0.70701043 -0.70701043
  -0.70701043 -0.70701043]
 [-0.70701043 -0.70701043 -0.70701043 -0.70701043 -0.70701043 -0.70701043
  -0.70701043 -0.70701043]
 [-0.70701043 -0.70701043 -0.70701043 -0.70701043 -0.70701043 -0.70701043
  -0.70701043 -0.70701043]
 [-0.70701043 -0.70701043 -0.70701043 -0.70701043 -0.70701043 -0.70701043
  -0.70701043 -0.70701043]
 [-0.70701043 -0.70701043 -0.70701043 -0.70701043 -0.70701043 -0.70701043
  -0.70701043 -0.70701043]]",0.0010484509596212427,0.0010179840179568584,0.00026851412363486154,0.000964085261607756,0.0009360699031826875,0.00024690759901961547,0.0004766313536371338,0.0004627809207547746,0.00012206794132269845,0.0020065464129599836,0.001948238170738892,0.0005138876994335182,0.002762325214594391,0.0026820547924074453,0.0007074468551769406,0.0083634254666631,0.008120392644317931,0.002141919790485759,0.03014812551111679,0.02927205098153693,0.007721102667287138,0.07144791901847085,0.06937171358339377,0.018298209548789805,0.002231660198972745,0.0019877318069083435,0.0019545018428338353,0.0010606341226708932,0.0018947605294547735,0.0023344355282734898,0.0011269312898528534,0.001955691998947109,0.0022290057698893984,0.02758284231717516,0.022876778147476642,0.0189606935023106,0.02600862471340272,0.01649051139645097,0.03997371305251207,0.06898594121350457,0.08749242864051693,0.10428473213675203,0.06917424916845717,0.1992379566255147,0.133866354068799,0.242738650388868,0.28292782485567614,0.20664575121460307,0.002236651645428815,0.001991690753969534,0.0019583294012574686,0.001061760261834691,0.0018983574622450314,0.0023398978689913945,0.0011282026967731433,0.001959524224795284,0.0022339853360933987,0.028365236153280533,0.023412377923128943,0.01932714966335068,0.026703136571152565,0.016767007931835283,0.041638144284166435,0.07409763640242166,0.09588131801489373,0.11642620805775251,0.0743149285531273,0.24881044034743144,0.15455623355316728,0.3205480518892439,0.39455975934184273,0.26047097060483626,0.06876687886408415,0.056931745613730864,0.06347054811210043,0.03264430536490009,0.0542638478935847,0.07583739496320507,0.034687108446991737,0.056012277241155865,0.0724047107014766,0.8721021722315692,0.6692341878253728,0.6264036999034901,0.8210001596057606,0.4792787376133272,1.3495154790556643,2.2781657559478248,2.7407321118771732,3.773438337439051,2.284846502605996,7.112154669427664,5.009253729971247,9.855396614594248,11.278345196660117,8.442009429549591
2,1046385283,500000,5,[ 30154  50107  32050  81690 127746  96055  47737  34461],[0 0 1 0 1 3 0 0],30154,50107,32050,81690,127746,96055,47737,34461,0,0,1,0,1,3,0,0,"[[2.598 1.312 0.316 2.551 1.08  1.146 0.258 0.141]
 [0.786 6.398 2.266 3.28  1.306 1.069 0.365 0.207]
 [0.295 3.533 6.294 3.624 1.687 5.178 0.296 0.216]
 [0.419 0.652 2.026 4.244 1.944 6.492 0.23  0.104]
 [0.591 1.268 0.899 6.79  2.366 2.691 0.412 0.195]
 [0.336 0.678 0.562 3.176 2.944 1.655 0.476 0.173]
 [0.161 0.379 0.197 1.105 0.951 0.392 1.144 0.253]
 [0.122 0.299 0.2   0.729 0.482 0.247 0.352 0.396]]",2.5370616723080017,0.010887229749852735,0.001455737293762593,0.454943270682888,0.3661445860354685,0.3300490974543483,1,1.7264604758716635,3.657013783486918,15.267016125777777,30.12399725707331,1,1.0142410066254053,0.4598691736032548,16.110879647652744,1,1.3015319182820555,0.0967459890465136,16.110879647652744,20.968824093020803,1.5586629859215113,1,1.1168830066875015,0.3942948647525599,0.01443369657197274,0.01362387137548711,0.014220040922620455,0.010887229749852735,0.012159761897513138,0.004292778781748231,0.031324742056235616,0.030574398101762795,0.03386867034663783,1.2304279711260089,1.1665077504332135,0.6638755875473639,1.2551352959640525,69.28232106124453,73.40057553679348,70.32328566714989,91.85072998147452,82.23845239967369,232.9493437331869,31.923646751974974,32.707103396496436,29.525812196500084,0.812725347169135,0.8572596278324114,1.506306330218319,15.6,26.0,16.64,42.38,66.56,49.92,24.96,17.94,7.114053753798919,1.5582941694439667,0.4246694086393816,0.42193271966401186,0.7699585867949362,0.23004141320506377,-18.057340410973545,0.3364578454233318,0.0,2.1941138841798433,100,1.6883423190896905,1.2797132427342524,1.186608231871765,1.2541334901718317,1.1528322163186073,1.02590844894696,0.8347787597717213,0,0.027570046648655283,1.7433052763454156e-05,3.2450980963171426e-06,1.0984318094772282e-05,1.7633955575729e-06,1.782329802378088e-07,5.650803744896557e-09,0.7967268574276796,0.000166460684312442,0.0003083773518434208,-0.3718542121939927,-0.7460053620431941,"[[-0.37185421 -0.37185421 -0.37185421 -0.37185421 -0.37185421 -0.37185421
  -0.37185421 -0.37185421]
 [-0.37185421 -0.37185421 -0.37185421 -0.37185421 -0.37185421 -0.37185421
  -0.37185421 -0.37185421]
 [-0.37185421 -0.37185421 -0.37185421 -0.37185421 -0.37185421 -0.37185421
  -0.37185421 -0.37185421]
 [-0.37185421 -0.37185421 -0.37185421 -0.37185421 -0.37185421 -0.37185421
  -0.37185421 -0.37185421]
 [-0.37185421 -0.37185421 -0.37185421 -0.37185421 -0.37185421 -0.37185421
  -0.37185421 -0.37185421]
 [-0.37185421 -0.37185421 -0.37185421 -0.37185421 -0.37185421 -0.37185421
  -0.37185421 -0.37185421]
 [-0.37185421 -0.37185421 -0.37185421 -0.37185421 -0.37185421 -0.37185421
  -0.37185421 -0.37185421]
 [-0.37185421 -0.37185421 -0.37185421 -0.37185421 -0.37185421 -0.37185421
  -0.37185421 -0.37185421]]","[[-0.37185421 -0.37185421 -0.37185421 -0.37185421 -0.37185421 -0.37185421
  -0.37185421 -0.37185421]
 [-0.37185421 -0.37185421 -0.37185421 -0.37185421 -0.37185421 -0.37185421
  -0.37185421 -0.37185421]
 [-0.37185421 -0.37185421 -0.37185421 -0.37185421 -0.37185421 -0.37185421
  -0.37185421 -0.37185421]
 [-0.37185421 -0.37185421 -0.37185421 -0.37185421 -0.37185421 -0.37185421
  -0.37185421 -0.37185421]
 [-0.37185421 -0.37185421 -0.37185421 -0.37185421 -0.37185421 -0.37185421
  -0.37185421 -0.37185421]
 [-0.37185421 -0.37185421 -0.37185421 -0.37185421 -0.37185421 -0.37185421
  -0.37185421 -0.37185421]
 [-0.37185421 -0.37185421 -0.37185421 -0.37185421 -0.37185421 -0.37185421
  -0.37185421 -0.37185421]
 [-0.37185421 -0.37185421 -0.37185421 -0.37185421 -0.37185421 -0.37185421
  -0.37185421 -0.37185421]]",0.0006622778856794101,0.00067170938943723,0.0003045611839831012,0.0005330103288010978,0.0005406009324249637,0.00024511501942776,0.0004804647799369793,0.00048730708205133575,0.00022095094129508835,0.001455737293762593,0.0014764684582079155,0.0006694487062660422,0.002513272900933494,0.0025490644369671393,0.0011557767319917407,0.005323651348425747,0.005399465502550026,0.0024481831461524014,0.02222476473876961,0.022541267760662502,0.010220484193944737,0.04385262624432367,0.044477131785210504,0.02016647099130953,0.0032811380122697445,0.0015971442195459767,0.0019453575388431049,0.0013687678627149916,0.0026714509651553113,0.0017505760213494452,0.0026860345045978734,0.0020196191879915705,0.0015917931544625569,0.025105124944910948,0.023742934289241697,0.022768756220424232,0.029139719453853245,0.027860620249573434,0.02745348899700232,0.08882403849084276,0.0702302528168488,0.06320207870653807,0.08678027863956421,0.17510661320265827,0.17275766883617233,0.23102247391535344,0.1619036156847295,0.06649504475537446,0.0032919393195050576,0.00159969916982808,0.0019491493311888642,0.001370643956113344,0.0026786067316939667,0.0017536459118326368,0.0026932687173027024,0.002023706304074138,0.0015943309996337212,0.025751622649049535,0.024320371266102734,0.023299251190908456,0.030014328567918153,0.028659079993988083,0.028228458676685025,0.09748285978015245,0.07553510213643728,0.06746607488120092,0.09502672424801169,0.21227787251697067,0.20883562449363977,0.3004281218615526,0.1931801863302461,0.07123159269995455,0.10509070796481634,0.05232152615085652,0.05755021709561615,0.043755953477691886,0.08760946733206595,0.05177781985193058,0.08597895913931622,0.06618957133149449,0.047073917674243494,0.8220857047384154,0.7954488976416031,0.687929314981844,0.95816682269993,0.9373554926118307,0.8334681694844653,3.1120083799938953,2.4705343956413732,1.99199065657735,3.0335995768908597,6.942994325200849,6.166041428738021,9.590761236667495,6.318364328457807,2.103170628516444
3,15879790,500000,1,[ 30035  50076  31779  82044 127265  96618  47680  34503],[0 0 0 0 0 0 0 1],30035,50076,31779,82044,127265,96618,47680,34503,0,0,0,0,0,0,0,1,"[[2.598 1.312 0.316 2.551 1.08  1.146 0.258 0.141]
 [0.786 6.398 2.266 3.28  1.306 1.069 0.365 0.207]
 [0.295 3.533 6.294 3.624 1.687 5.178 0.296 0.216]
 [0.419 0.652 2.026 4.244 1.944 6.492 0.23  0.104]
 [0.591 1.268 0.899 6.79  2.366 2.691 0.412 0.195]
 [0.336 0.678 0.562 3.176 2.944 1.655 0.476 0.173]
 [0.161 0.379 0.197 1.105 0.951 0.392 1.144 0.253]
 [0.122 0.299 0.2   0.729 0.482 0.247 0.352 0.396]]",2.1029329097536937,0.009406661228651301,0.0013736075385753204,0.49664980384712176,0.3395383397604278,0.3347950895578916,1,2.2458013669733115,3.82629158606469,13.090208454205415,45.265150205805895,1,1.3541655532347932,0.36170367363676226,15.455943826093636,1,1.5312977274078166,0.4602333262193561,15.455943826093636,23.667651655840057,7.113340436942595,1,0.9584852473559904,0.350526815469252,0.014919819018211565,0.011506693109604522,0.014355049817778825,0.009406661228651301,0.009016146014537848,0.003297287004677222,0.03272691158893182,0.03060648109215455,0.03520844101617954,1.2299566081935773,1.066658935540376,0.4529152023627248,0.9690731033729287,67.02494170870108,86.90594165280292,69.66189687210233,106.30764473096444,110.9121345625477,303.2796352217729,30.555892733190205,32.672818446166715,28.402279997017313,0.8130368123056699,0.937506794984466,2.207918821852955,15.6,26.0,16.64,42.38,66.56,49.92,24.96,17.94,6.541726911996214,1.8495006768493423,0.5580558942074642,0.5238172485111154,0.3697130667565225,0.6302869332434775,-10.552372423112324,0.28008595034531253,0.0,2.6285396693656553,100,1.945589216351268,1.2280989454514573,1.169291588070679,1.1922854742104763,0.9565095260844624,1.14771072503402,0.8075782923405223,0,1.0355844885303198,0.0008798529145926107,0.00047312157787674235,0.0006030155681606345,5.010685252012387e-05,0.00037677935296930314,1.0408211217692075e-05,1.031913894338237,6.96447518886838e-05,0.00011957190406987389,-0.43254877079899656,-0.31283105795125854,"[[-0.43254877 -0.43254877 -0.43254877 -0.43254877 -0.43254877 -0.43254877
  -0.43254877 -0.43254877]
 [-0.43254877 -0.43254877 -0.43254877 -0.43254877 -0.43254877 -0.43254877
  -0.43254877 -0.43254877]
 [-0.43254877 -0.43254877 -0.43254877 -0.43254877 -0.43254877 -0.43254877
  -0.43254877 -0.43254877]
 [-0.43254877 -0.43254877 -0.43254877 -0.43254877 -0.43254877 -0.43254877
  -0.43254877 -0.43254877]
 [-0.43254877 -0.43254877 -0.43254877 -0.43254877 -0.43254877 -0.43254877
  -0.43254877 -0.43254877]
 [-0.43254877 -0.43254877 -0.43254877 -0.43254877 -0.43254877 -0.43254877
  -0.43254877 -0.43254877]
 [-0.43254877 -0.43254877 -0.43254877 -0.43254877 -0.43254877 -0.43254877
  -0.43254877 -0.43254877]
 [-0.43254877 -0.43254877 -0.43254877 -0.43254877 -0.43254877 -0.43254877
  -0.43254877 -0.43254877]]","[[-0.43254877 -0.43254877 -0.43254877 -0.43254877 -0.43254877 -0.43254877
  -0.43254877 -0.43254877]
 [-0.43254877 -0.43254877 -0.43254877 -0.43254877 -0.43254877 -0.43254877
  -0.43254877 -0.43254877]
 [-0.43254877 -0.43254877 -0.43254877 -0.43254877 -0.43254877 -0.43254877
  -0.43254877 -0.43254877]
 [-0.43254877 -0.43254877 -0.43254877 -0.43254877 -0.43254877 -0.43254877
  -0.43254877 -0.43254877]
 [-0.43254877 -0.43254877 -0.43254877 -0.43254877 -0.43254877 -0.43254877
  -0.43254877 -0.43254877]
 [-0.43254877 -0.43254877 -0.43254877 -0.43254877 -0.43254877 -0.43254877
  -0.43254877 -0.43254877]
 [-0.43254877 -0.43254877 -0.43254877 -0.43254877 -0.43254877 -0.43254877
  -0.43254877 -0.43254877]
 [-0.43254877 -0.43254877 -0.43254877 -0.43254877 -0.43254877 -0.43254877
  -0.43254877 -0.43254877]]",0.0006822019145963606,0.0009238143330972157,0.00024675493867153635,0.0004663924231302721,0.0006315725536927206,0.00016869585280257065,0.0004598770588947194,0.0006227496718781573,0.00016633922162348968,0.0013736075385753204,0.0018600920124023312,0.000496838892837844,0.0030848496878173003,0.004177397184149293,0.0011158014647007367,0.005255822967405777,0.007117254416361176,0.0019010504752951386,0.01798080901421895,0.02434899218634896,0.006503724675404003,0.062176551557439196,0.08419734433801129,0.02248948711239131,0.0013696865313677779,0.0023141370822151526,0.002500267199885062,0.0015780756085389683,0.0013923462473113325,0.0018220602698881538,0.0021966304691542816,0.0024302609226627856,0.0016737066283044701,0.022665946797266075,0.0164104133730826,0.027688613377567478,0.02609789764058509,0.028553337387537882,0.018960463106379624,0.0839850491533457,0.08327864677527633,0.08112274551312203,0.11805105570168051,0.13363686385208925,0.11304895160631631,0.20824681103910714,0.19993573149472982,0.21209550779533395,0.001371565145674702,0.002319504734132783,0.0025065342051435726,0.0015805698672941369,0.001394287578388775,0.0018253862336216366,0.0022014662770552767,0.0024361814793124733,0.0016765126185866346,0.023191606516717114,0.016684208125220003,0.028477104925975227,0.026797249515489556,0.029392594041911517,0.019326910275620845,0.09168523840764826,0.09084401326785886,0.08828463771085815,0.13385248257834492,0.15425040410453703,0.12745793785469228,0.26301985763064994,0.24989958852713445,0.2691893622815391,0.0419093974678186,0.07578475706334462,0.07119128631658898,0.048295723322352324,0.045555304910441886,0.05184513091002258,0.06726776741743662,0.0795969151754903,0.04761678081163029,0.7086402410351631,0.5451201029933728,0.8088147076119894,0.818813881739832,0.9603388887932565,0.5489283171254142,2.801524310001071,2.9681299524219127,2.507484999699027,4.089982099735118,5.039795448555387,3.6200960387914023,8.0368065564611,8.164923885718832,7.6455916397388055
4,1329867299,500000,5,[ 30251  49796  32168  81514 127466  96704  47853  34248],[0 1 1 0 0 1 1 1],30251,49796,32168,81514,127466,96704,47853,34248,0,1,1,0,0,1,1,1,"[[2.598 1.312 0.316 2.551 1.08  1.146 0.258 0.141]
 [0.786 6.398 2.266 3.28  1.306 1.069 0.365 0.207]
 [0.295 3.533 6.294 3.624 1.687 5.178 0.296 0.216]
 [0.419 0.652 2.026 4.244 1.944 6.492 0.23  0.104]
 [0.591 1.268 0.899 6.79  2.366 2.691 0.412 0.195]
 [0.336 0.678 0.562 3.176 2.944 1.655 0.476 0.173]
 [0.161 0.379 0.197 1.105 0.951 0.392 1.144 0.253]
 [0.122 0.299 0.2   0.729 0.482 0.247 0.352 0.396]]",2.9629767057239587,0.011641698952448862,0.001534263497965863,0.6501576486731772,0.44887445044541047,0.20244223979034176,1,2.1940773689505004,4.012627345106367,15.79513489522105,49.22414742650232,1,0.6489103958187948,0.2829724218958019,17.59614327100188,1,1.8648060879348693,0.4829921296802372,17.59614327100188,32.81339509593849,8.498798712619772,1,1.0623058427574965,0.21393390515829297,0.012978352548191439,0.01625445701296394,0.012606731428741535,0.011641698952448862,0.012367044816810252,0.0024905541195745936,0.03359575392416512,0.027844305577546892,0.03276923251743967,0.8967733455949105,0.2511204243534721,0.3109762446464032,0.6498160600473478,77.0513820060584,61.52158753764816,79.32270197492618,85.8981153940291,80.86006113932102,401.5170729037633,29.765666287986146,35.91398597515683,30.5164302968586,1.1151089680710904,3.9821531943272763,3.2156797093522496,15.6,26.0,16.64,42.38,66.56,49.92,24.96,17.94,6.816707494175868,1.6743443171426455,0.579633933631467,0.5695751028687269,0.2423716104966318,0.7576283895033682,-10.597684019579802,0.6009965386534508,0.0,2.241088824187143,100,1.9246891852621966,1.3343624811396289,1.0189568241388134,1.176501610253188,1.2271042251458855,1.0029230560717006,1.0915446660828858,0,2.1060418756494954,0.06511018599378436,0.002367744365269906,0.012515955553004639,0.021313050282961158,0.001998070696541607,0.005103761864709894,1.5388970225314784,8.542365663131097e-05,2.72895997287424e-05,-0.3415084324189534,-0.35115690201655214,"[[-0.34150843 -0.34150843 -0.34150843 -0.34150843 -0.34150843 -0.34150843
  -0.34150843 -0.34150843]
 [-0.34150843 -0.34150843 -0.34150843 -0.34150843 -0.34150843 -0.34150843
  -0.34150843 -0.34150843]
 [-0.34150843 -0.34150843 -0.34150843 -0.34150843 -0.34150843 -0.34150843
  -0.34150843 -0.34150843]
 [-0.34150843 -0.34150843 -0.34150843 -0.34150843 -0.34150843 -0.34150843
  -0.34150843 -0.34150843]
 [-0.34150843 -0.34150843 -0.34150843 -0.34150843 -0.34150843 -0.34150843
  -0.34150843 -0.34150843]
 [-0.34150843 -0.34150843 -0.34150843 -0.34150843 -0.34150843 -0.34150843
  -0.34150843 -0.34150843]
 [-0.34150843 -0.34150843 -0.34150843 -0.34150843 -0.34150843 -0.34150843
  -0.34150843 -0.34150843]
 [-0.34150843 -0.34150843 -0.34150843 -0.34150843 -0.34150843 -0.34150843
  -0.34150843 -0.34150843]]","[[-0.34150843 -0.34150843 -0.34150843 -0.34150843 -0.34150843 -0.34150843
  -0.34150843 -0.34150843]
 [-0.34150843 -0.34150843 -0.34150843 -0.34150843 -0.34150843 -0.34150843
  -0.34150843 -0.34150843]
 [-0.34150843 -0.34150843 -0.34150843 -0.34150843 -0.34150843 -0.34150843
  -0.34150843 -0.34150843]
 [-0.34150843 -0.34150843 -0.34150843 -0.34150843 -0.34150843 -0.34150843
  -0.34150843 -0.34150843]
 [-0.34150843 -0.34150843 -0.34150843 -0.34150843 -0.34150843 -0.34150843
  -0.34150843 -0.34150843]
 [-0.34150843 -0.34150843 -0.34150843 -0.34150843 -0.34150843 -0.34150843
  -0.34150843 -0.34150843]
 [-0.34150843 -0.34150843 -0.34150843 -0.34150843 -0.34150843 -0.34150843
  -0.34150843 -0.34150843]
 [-0.34150843 -0.34150843 -0.34150843 -0.34150843 -0.34150843 -0.34150843
  -0.34150843 -0.34150843]]",0.0009975131482825694,0.0006472966518864943,0.00028226871144242484,0.0006886916844878799,0.00044689919357814267,0.00019488075389903484,0.00031059973895677375,0.0002015513995476544,8.789116037280212e-05,0.001534263497965863,0.0009955995337553568,0.000434154257845725,0.003366292818893732,0.0021844224055502983,0.0009525680317728054,0.006156427666536368,0.003994969913921894,0.0017420992470261164,0.024233898915184512,0.015725628937285043,0.0068575250680078075,0.07552281261497278,0.04900753822733066,0.021370873194041667,0.002168235846718934,0.0015571808408752158,0.001933694310899784,0.002513225546576121,0.0018777066171774116,0.0025926883013327926,0.003272855327759298,0.002260962894595864,0.002408774334398004,0.016912218954902435,0.023415147938252282,0.017737338538356694,0.023124165645347076,0.023762749575955384,0.015151231317050966,0.07761713354726836,0.13078272492991927,0.12079326186489983,0.16215461087601357,0.1075563911617796,0.11671149418091552,0.25813189426502864,0.1360513629581554,0.21815468378937292,0.002172947308967268,0.0015596094348063446,0.001937440729015186,0.0025195577635134573,0.0018812390321565845,0.0025994278073991953,0.003283602082328689,0.002266086431934415,0.002414590538114294,0.017203162607639627,0.023976562700945708,0.018057632886058068,0.0236715505001958,0.024341162525434924,0.015384322749687655,0.08414849881781268,0.15046033791651794,0.1373889173337279,0.19353762995050336,0.12051897744194291,0.13213292532623583,0.34794849956421353,0.1574762169010354,0.27902537658817744,0.06467922446009723,0.05601179136835732,0.05912377496128684,0.07499631558204628,0.06756279221678918,0.07932525749621352,0.09773860380513218,0.08138419633498575,0.07368468385181916,0.5120635972769627,0.8610939365742324,0.5510544952936527,0.7045994727080398,0.8741881695574828,0.46947461285521935,2.504736134446009,5.403630465751182,4.192619319375576,5.760776507274436,4.32831686559018,4.032225205638098,10.356918923433874,5.655598645204539,8.514858455707838
5,46312775,500000,4,[ 30154  49839  31777  81365 127874  96519  47952  34520],[0 1 1 0 0 0 2 0],30154,49839,31777,81365,127874,96519,47952,34520,0,1,1,0,0,0,2,0,"[[2.598 1.312 0.316 2.551 1.08  1.146 0.258 0.141]
 [0.786 6.398 2.266 3.28  1.306 1.069 0.365 0.207]
 [0.295 3.533 6.294 3.624 1.687 5.178 0.296 0.216]
 [0.419 0.652 2.026 4.244 1.944 6.492 0.23  0.104]
 [0.591 1.268 0.899 6.79  2.366 2.691 0.412 0.195]
 [0.336 0.678 0.562 3.176 2.944 1.655 0.476 0.173]
 [0.161 0.379 0.197 1.105 0.951 0.392 1.144 0.253]
 [0.122 0.299 0.2   0.729 0.482 0.247 0.352 0.396]]",1.6243570275375085,0.012515070164884685,0.007749610882633657,0.3910348267645879,0.4924215332238165,0.14806295175085354,1,2.3311755822985334,3.3707528689121,12.501920021321625,47.84062598842961,1,1.2451535205898345,0.3099527864851321,8.973333721952528,1,1.4466380498530222,0.184791755237241,8.973333721952528,12.981165996205767,1.6581980888091323,1,0.895256490075909,0.06989522426439926,0.012024670248591579,0.012504716964913568,0.016046872911423246,0.012515070164884685,0.011204197788868392,0.0008747436358593072,0.029082209560890894,0.03890090736848338,0.030811269116766245,0.4175480430062598,0.5109691332266613,0.28775094451683836,0.8778341446456827,83.16236365127165,79.96982281213207,62.31743751694653,79.90366708497108,89.25226230775051,1143.1920839499985,34.3852827931196,25.70634125645555,32.4556575780853,2.3949339884344956,1.957065378265049,3.475227515513795,15.6,26.0,16.64,42.38,66.56,49.92,24.96,17.94,6.767378122099733,1.822586022045272,0.5545595649753392,0.528359678724728,0.09152545329047079,0.9084745467095292,-18.271318175201955,0.41112062824463697,0.0,2.916344934823676,100,1.8746776092472852,1.2931864419471406,1.1112654549558643,0.9157664023709992,1.2831146098961483,1.0805318821883128,1.0406604242806103,0,1.712833412204954,0.00010089721616850561,3.6335111972569524e-06,1.0209773593002302e-07,8.393834189538602e-05,2.0722958550264295e-06,1.0001533872333019e-06,1.139167354220001,0.00022156315851544473,3.994275167379613e-05,-0.27977970511925543,-0.5500737543515575,"[[-0.27977971 -0.27977971 -0.27977971 -0.27977971 -0.27977971 -0.27977971
  -0.27977971 -0.27977971]
 [-0.27977971 -0.27977971 -0.27977971 -0.27977971 -0.27977971 -0.27977971
  -0.27977971 -0.27977971]
 [-0.27977971 -0.27977971 -0.27977971 -0.27977971 -0.27977971 -0.27977971
  -0.27977971 -0.27977971]
 [-0.27977971 -0.27977971 -0.27977971 -0.27977971 -0.27977971 -0.27977971
  -0.27977971 -0.27977971]
 [-0.27977971 -0.27977971 -0.27977971 -0.27977971 -0.27977971 -0.27977971
  -0.27977971 -0.27977971]
 [-0.27977971 -0.27977971 -0.27977971 -0.27977971 -0.27977971 -0.27977971
  -0.27977971 -0.27977971]
 [-0.27977971 -0.27977971 -0.27977971 -0.27977971 -0.27977971 -0.27977971
  -0.27977971 -0.27977971]
 [-0.27977971 -0.27977971 -0.27977971 -0.27977971 -0.27977971 -0.27977971
  -0.27977971 -0.27977971]]","[[-0.27977971 -0.27977971 -0.27977971 -0.27977971 -0.27977971 -0.27977971
  -0.27977971 -0.27977971]
 [-0.27977971 -0.27977971 -0.27977971 -0.27977971 -0.27977971 -0.27977971
  -0.27977971 -0.27977971]
 [-0.27977971 -0.27977971 -0.27977971 -0.27977971 -0.27977971 -0.27977971
  -0.27977971 -0.27977971]
 [-0.27977971 -0.27977971 -0.27977971 -0.27977971 -0.27977971 -0.27977971
  -0.27977971 -0.27977971]
 [-0.27977971 -0.27977971 -0.27977971 -0.27977971 -0.27977971 -0.27977971
  -0.27977971 -0.27977971]
 [-0.27977971 -0.27977971 -0.27977971 -0.27977971 -0.27977971 -0.27977971
  -0.27977971 -0.27977971]
 [-0.27977971 -0.27977971 -0.27977971 -0.27977971 -0.27977971 -0.27977971
  -0.27977971 -0.27977971]
 [-0.27977971 -0.27977971 -0.27977971 -0.27977971 -0.27977971 -0.27977971
  -0.27977971 -0.27977971]]",0.0030303677489836173,0.003773273071328843,0.0009392709278721494,0.003816075272714439,0.004751599560656196,0.0011828031642148508,0.0011474302622032767,0.001428726830613727,0.00035564920706727135,0.007749610882633657,0.009649455273712592,0.0024020134872478056,0.018065703661910567,0.022494574516560607,0.005599515189823835,0.02612202311558983,0.03252592904730572,0.0080965938533061,0.09688501545104966,0.120636718081275,0.03002978050770792,0.3707462357919406,0.46163598074176376,0.1149138288625858,0.0013374292937523946,0.0019468839198713782,0.0017509564187515264,0.0021384474721577017,0.0017459969204397584,0.0014526186159037437,0.0031649352271803793,0.002419547747684655,0.002233661180551074,0.018802762038044766,0.023425758176033273,0.020599063545048854,0.03137787425868853,0.018171297288888184,0.029832565339032138,0.08280086006109971,0.05280160924233553,0.0873961727713879,0.11109657743650769,0.20004288534952952,0.15464201797229743,0.3381397530069987,0.21594326351266233,0.19410891034224925,0.0013392204063546443,0.0019506816706487521,0.0017540276447147074,0.0021430302297352367,0.001749050757676354,0.001454731786377783,0.0031749838453984094,0.0024254161578866674,0.0022386615920456173,0.019163080887895673,0.023987687953227733,0.02103230942335977,0.032394339778966164,0.01850760447185135,0.03074991416245315,0.09027577159156029,0.05574503689781346,0.09576573115717901,0.12498160611882707,0.25006701195092856,0.18293080713731258,0.5108929786057604,0.27541790467882776,0.2408624599940474,0.04604947239482099,0.05014488870840965,0.056928120619356,0.07368870048365017,0.044961695651690496,0.047214276726633655,0.10917271738761063,0.062348575443555945,0.07265723406464385,0.6589279555177181,0.6166356924790398,0.6826174327209014,1.113888534196155,0.4757627963929136,0.9980086846120951,3.1041579355428732,1.433000941848899,3.1081397781523767,4.2975278703341555,6.428307946192717,5.93713963693138,17.567199546378273,7.079986645811892,7.817349524982072
6,936703824,500000,3,[ 29967  49891  31915  81249 128364  95723  48302  34589],[0 0 0 0 2 1 0 0],29967,49891,31915,81249,128364,95723,48302,34589,0,0,0,0,2,1,0,0,"[[2.598 1.312 0.316 2.551 1.08  1.146 0.258 0.141]
 [0.786 6.398 2.266 3.28  1.306 1.069 0.365 0.207]
 [0.295 3.533 6.294 3.624 1.687 5.178 0.296 0.216]
 [0.419 0.652 2.026 4.244 1.944 6.492 0.23  0.104]
 [0.591 1.268 0.899 6.79  2.366 2.691 0.412 0.195]
 [0.336 0.678 0.562 3.176 2.944 1.655 0.476 0.173]
 [0.161 0.379 0.197 1.105 0.951 0.392 1.144 0.253]
 [0.122 0.299 0.2   0.729 0.482 0.247 0.352 0.396]]",1.8733843019521976,0.009547311669518553,0.0015579944789585135,0.5468125833023567,0.4838194820008343,0.2121831029579929,1,2.5699739307347276,3.2473339155125305,15.791430300963116,32.64169440309737,1,1.05699046607298,0.15708717309616538,13.565986897000148,1,1.7521492206544607,0.2739872678227634,13.565986897000148,23.769633368987435,3.7169076852284784,1,0.8241857375821109,0.039198210673697276,0.015077406234959914,0.013695419318087335,0.015602943725990217,0.009547311669518553,0.007868758110268444,0.0003742375341892367,0.036571170950406406,0.0294790195884186,0.035226930476619026,0.7161696016165663,1.0145380097498977,0.6872092723386255,0.6667393242925069,66.32440516733604,73.01711446536837,64.0904702062262,104.74152668469736,127.08485710026291,2672.099692422462,27.343942619613802,33.92243073079911,28.387372571780684,1.3963172937566193,0.9856703153453249,1.4551608079980118,15.6,26.0,16.64,42.38,66.56,49.92,24.96,17.94,6.319187746891301,1.6165806917213517,0.5483430347633271,0.5394637795731281,0.014934005833042718,0.9850659941669573,-14.612747210245807,0.7041999643602848,0.0,2.0027235603698132,100,1.7371148042558606,1.0914001673144786,1.2149046431176052,1.1485883335039577,1.0618448999807837,0.9245884126204563,1.0487573831605623,0,1.8583131182538704,0.002055125164907663,0.012427089211387167,0.0047335398850461945,0.0013348421693977048,0.00017972914635930909,0.0011026148675218328,1.4998365381569836,5.836006481401557e-05,0.00010116179830545535,-0.33904696796509165,-0.35025448638846995,"[[-0.33904697 -0.33904697 -0.33904697 -0.33904697 -0.33904697 -0.33904697
  -0.33904697 -0.33904697]
 [-0.33904697 -0.33904697 -0.33904697 -0.33904697 -0.33904697 -0.33904697
  -0.33904697 -0.33904697]
 [-0.33904697 -0.33904697 -0.33904697 -0.33904697 -0.33904697 -0.33904697
  -0.33904697 -0.33904697]
 [-0.33904697 -0.33904697 -0.33904697 -0.33904697 -0.33904697 -0.33904697
  -0.33904697 -0.33904697]
 [-0.33904697 -0.33904697 -0.33904697 -0.33904697 -0.33904697 -0.33904697
  -0.33904697 -0.33904697]
 [-0.33904697 -0.33904697 -0.33904697 -0.33904697 -0.33904697 -0.33904697
  -0.33904697 -0.33904697]
 [-0.33904697 -0.33904697 -0.33904697 -0.33904697 -0.33904697 -0.33904697
  -0.33904697 -0.33904697]
 [-0.33904697 -0.33904697 -0.33904697 -0.33904697 -0.33904697 -0.33904697
  -0.33904697 -0.33904697]]","[[-0.33904697 -0.33904697 -0.33904697 -0.33904697 -0.33904697 -0.33904697
  -0.33904697 -0.33904697]
 [-0.33904697 -0.33904697 -0.33904697 -0.33904697 -0.33904697 -0.33904697
  -0.33904697 -0.33904697]
 [-0.33904697 -0.33904697 -0.33904697 -0.33904697 -0.33904697 -0.33904697
  -0.33904697 -0.33904697]
 [-0.33904697 -0.33904697 -0.33904697 -0.33904697 -0.33904697 -0.33904697
  -0.33904697 -0.33904697]
 [-0.33904697 -0.33904697 -0.33904697 -0.33904697 -0.33904697 -0.33904697
  -0.33904697 -0.33904697]
 [-0.33904697 -0.33904697 -0.33904697 -0.33904697 -0.33904697 -0.33904697
  -0.33904697 -0.33904697]
 [-0.33904697 -0.33904697 -0.33904697 -0.33904697 -0.33904697 -0.33904697
  -0.33904697 -0.33904697]
 [-0.33904697 -0.33904697 -0.33904697 -0.33904697 -0.33904697 -0.33904697
  -0.33904697 -0.33904697]]",0.000851930985810114,0.0009004829297534458,0.00013382743023394018,0.0007537880817698677,0.0007967468158701901,0.00011841043887880966,0.00033058010293683876,0.00034942001707766293,5.192989385218736e-05,0.0015579944789585135,0.0016467853104534889,0.000244740948399026,0.004004005195152015,0.004232195317382362,0.00062897785716879,0.0050593283117032544,0.005347661790203446,0.0007947555822508593,0.024602961223758713,0.02600509545067618,0.0038648096284348296,0.05085557966387671,0.05375386285133261,0.007988759245565228,0.0010773647709118224,0.0019214946323673407,0.0023412307796363756,0.0012761544074460437,0.0026302925322197346,0.0016850523521968065,0.0018342135385068744,0.0018223388271974821,0.0025463756611713378,0.026144306335178936,0.024122012894524363,0.024023964341352032,0.026958917495238353,0.022663053356918532,0.02372436692105605,0.06303378325637037,0.08480671846911711,0.07977116030742071,0.09880217889311756,0.08837585561016836,0.1769401200440643,0.2116932858009698,0.16981995873399292,0.1407236271462658,0.0010785267376234244,0.0019251938820780202,0.0023467250044481316,0.0012777850584801919,0.002637229216533735,0.001687896546242317,0.0018375840600679955,0.0018256658088865029,0.002552876243102757,0.02684618111826454,0.024718267256003987,0.02461532195832985,0.027705836865430013,0.023188577322038932,0.024300890155616168,0.0672743393838046,0.09266536389696534,0.08668622071665331,0.10963428514703386,0.09694330295444303,0.21497842909502182,0.26854177693521697,0.20455798777698997,0.16376992501133245,0.029491173227294186,0.06530725610814986,0.06661735702478279,0.03493968131928223,0.08946122541910523,0.04791494812080249,0.05024679309721623,0.06193102193954071,0.07246944904260573,0.7340804360535851,0.838503708777175,0.6987643154054436,0.757586813476699,0.7866129079526447,0.6898384226733937,1.839545675883178,3.143434387939099,2.4607940443232508,2.9978336022028715,3.2885524792869663,6.102672761616521,7.342990939485702,6.939104170796592,4.648997877349278
7,467635361,500000,1,[ 30105  50046  31834  81475 128052  96076  47964  34448],[1 0 0 0 0 0 0 0],30105,50046,31834,81475,128052,96076,47964,34448,1,0,0,0,0,0,0,0,"[[2.598 1.312 0.316 2.551 1.08  1.146 0.258 0.141]
 [0.786 6.398 2.266 3.28  1.306 1.069 0.365 0.207]
 [0.295 3.533 6.294 3.624 1.687 5.178 0.296 0.216]
 [0.419 0.652 2.026 4.244 1.944 6.492 0.23  0.104]
 [0.591 1.268 0.899 6.79  2.366 2.691 0.412 0.195]
 [0.336 0.678 0.562 3.176 2.944 1.655 0.476 0.173]
 [0.161 0.379 0.197 1.105 0.951 0.392 1.144 0.253]
 [0.122 0.299 0.2   0.729 0.482 0.247 0.352 0.396]]",2.6017606029780684,0.011544256443630515,0.001363830650621633,0.5062440209111805,0.322879159914138,0.3044172008717251,1,1.4273388445390154,2.8318859158606604,14.506108538679541,39.68787463664414,1,1.2928219269110155,0.044961679161254486,15.581418208517146,1,1.954187089968403,0.14974575711773785,15.581418208517146,30.44900630648281,2.3332512666025065,1,1.2278918412295357,0.3453057574444005,0.014273457196179604,0.01482344544483466,0.012614982451969233,0.011544256443630515,0.014175098300195404,0.003986298215400236,0.03170914515303548,0.03603927122852792,0.036490573272406165,0.8563974150925927,0.8504375087639259,1.3411895408850116,0.8036710456677923,70.06011131400298,67.4606995871164,79.27081974211524,86.62316233903006,70.5462479922425,250.8593050406283,31.53664329876364,27.747508923222103,27.404337896664146,1.1676821792974248,1.175865351298365,0.7456067688539603,15.6,26.0,16.64,42.38,66.56,49.92,24.96,17.94,6.494643786916769,1.6072575936608744,0.5890357437601205,0.5819362297591929,0.038591821715933006,0.961408178284067,-12.741600002679654,0.6006203597398166,0.0,2.980153915637155,100,1.5516558631309523,1.363382716027137,1.2723352408534307,1.030174168384597,1.2411523834975537,0.8898048189329625,0.90479999478959,0,0.460246812344999,0.04862624481727643,0.015414955947028972,0.0007080553744930844,0.010378289988868696,0.00011841436998197112,0.0001433435577301945,1.244290192349872,0.00012819638471895357,0.00047689765909896247,-0.4992068183771504,-0.38965150075285165,"[[-0.49920682 -0.49920682 -0.49920682 -0.49920682 -0.49920682 -0.49920682
  -0.49920682 -0.49920682]
 [-0.49920682 -0.49920682 -0.49920682 -0.49920682 -0.49920682 -0.49920682
  -0.49920682 -0.49920682]
 [-0.49920682 -0.49920682 -0.49920682 -0.49920682 -0.49920682 -0.49920682
  -0.49920682 -0.49920682]
 [-0.49920682 -0.49920682 -0.49920682 -0.49920682 -0.49920682 -0.49920682
  -0.49920682 -0.49920682]
 [-0.49920682 -0.49920682 -0.49920682 -0.49920682 -0.49920682 -0.49920682
  -0.49920682 -0.49920682]
 [-0.49920682 -0.49920682 -0.49920682 -0.49920682 -0.49920682 -0.49920682
  -0.49920682 -0.49920682]
 [-0.49920682 -0.49920682 -0.49920682 -0.49920682 -0.49920682 -0.49920682
  -0.49920682 -0.49920682]
 [-0.49920682 -0.49920682 -0.49920682 -0.49920682 -0.49920682 -0.49920682
  -0.49920682 -0.49920682]]","[[-0.49920682 -0.49920682 -0.49920682 -0.49920682 -0.49920682 -0.49920682
  -0.49920682 -0.49920682]
 [-0.49920682 -0.49920682 -0.49920682 -0.49920682 -0.49920682 -0.49920682
  -0.49920682 -0.49920682]
 [-0.49920682 -0.49920682 -0.49920682 -0.49920682 -0.49920682 -0.49920682
  -0.49920682 -0.49920682]
 [-0.49920682 -0.49920682 -0.49920682 -0.49920682 -0.49920682 -0.49920682
  -0.49920682 -0.49920682]
 [-0.49920682 -0.49920682 -0.49920682 -0.49920682 -0.49920682 -0.49920682
  -0.49920682 -0.49920682]
 [-0.49920682 -0.49920682 -0.49920682 -0.49920682 -0.49920682 -0.49920682
  -0.49920682 -0.49920682]
 [-0.49920682 -0.49920682 -0.49920682 -0.49920682 -0.49920682 -0.49920682
  -0.49920682 -0.49920682]
 [-0.49920682 -0.49920682 -0.49920682 -0.49920682 -0.49920682 -0.49920682
  -0.49920682 -0.49920682]]",0.0006904311124126069,0.0008926044811485824,3.104294215924366e-05,0.0004403524947378652,0.0005692973607670797,1.97989875862619e-05,0.0004151735091253012,0.0005367454160697799,1.8666898113543954e-05,0.001363830650621633,0.0017631901697169636,6.132011614353483e-05,0.0019466484650051752,0.0025166698195463614,8.752458372331122e-05,0.0038622128111144836,0.004993153408605437,0.00017365157326581617,0.019783875446295347,0.02557702797624708,0.0008895162603825518,0.054127539887484186,0.06997727041629015,0.0024336650822090688,0.001984536480162344,0.0021851856440403194,0.001878385830229716,0.002244336399866502,0.0025609524813394752,0.0020408450097097225,0.0010930276356989445,0.002152268243698309,0.002220085973221297,0.025523591932418297,0.02814584588333808,0.02734447059625476,0.016868866594234914,0.02782066043556872,0.02068753884574703,0.06557596310164561,0.08074264780655427,0.07495317570032586,0.12363004180432571,0.13203804583963993,0.13135823665983629,0.12060348045574563,0.19017800502352794,0.3066900443150691,0.0019884826966139464,0.002189971137530915,0.0018819208036008142,0.0022493847759965766,0.002567527798024735,0.0020450185756646314,0.0010942236523906429,0.0021569104936583093,0.002225025721615913,0.026192108624807454,0.02896097708088763,0.028113211480962224,0.017158307799487287,0.028616798674237724,0.02112455387462746,0.07017794974464991,0.0878346500181845,0.08102635859224826,0.1410706068232451,0.1521242321817775,0.15122256631402128,0.13714345892368118,0.23483926863341523,0.4423563253351606,0.06271006950887767,0.06076624368023792,0.05157279359663843,0.07093804532227338,0.07124250048631213,0.056042380052468393,0.03450814101451404,0.059848893169375326,0.060975356703931456,0.8260111869430233,0.8035949699771603,0.7704239467846666,0.5411154326828246,0.7940448765674617,0.5789044122965767,2.2131769685355853,2.4371927351476645,2.2204737093982474,4.448893407324813,4.221068489902183,4.14415430487014,4.325044344834777,6.5162047019286415,12.122482210211436
